Name,Specialization,Degree,State,City
DR. BHARTIA MITHUN,SEXOLOGIST,"MBBS (GAU), MRCGP (UK), MRCP (UK) MRCP (DIABETES & ENDOCRINOLOGY) (UK) FECSM (AMSTERDAM) ETZWILER FELLOW, MAYO CLINIC (U",ASSAM,KAMRUP METROPOLITAN
ALAFIYA MEDITOUR,NEUROLOGIST,MBBS,HARYANA,GURUGRAM
AMARESH MOHAN,PHYSIOTHERAPIST,MPT ORTHOPAEDICS,UTTAR PRADESH,LUCKNOW
AMEER,AYUSH DOCTOR,BHMS,KERALA,MALAPPURAM
AMIT ANAND,AUDIOLOGIST,BASLP IVD,GUJARAT,AHMEDABAD
AMIT CHORARIA,ONCOLOGIST-SURGICAL,"MBBS, MS (SURGERY), FSO (SURGICAL ONCOLOGY), FEBS, FRS (ROBOTIC SURGERY)",WEST BENGAL,KOLKATA
AMIT KUMAR PYASI,PHYSICIAN (MD MEDICINE),MBBS MD MEDICINE,MADHYA PRADESH,KATNI
AMIT PAL SINGH,GYNAECOLOGIST,MBBS,DELHI,NEW DELHI
AMRIT RAJ,AYUSH DOCTOR,BAMS,UTTARAKHAND,DEHRADUN
ANANT KUMAR,PSYCHOLOGIST-CLINICAL,"MA (PSYCHOLOGY), MPHIL, PHD",JHARKHAND,RANCHI
ANITA MERANI,DERMATOLOGIST,MBBS,MAHARASHTRA,NASHIK
ANJALI MAHINDRU,PATHOLOGIST-MICROBIOLOGIST,MD ( PATHOLOGY ),PUNJAB,JALANDHAR
ANKIT TIWARI,DENTAL SURGEON,B.D.S,MADHYA PRADESH,SHAHDOL
ANSHUL GOEL,RHEUMATOLOGIST,"MBBS, MD, FELLOWSHIP",HIMACHAL PRADESH,KANGRA
ANSHUL KUMAR,ENDOCRINOLOGIST,"MBBS, MD (GENERAL MEDICINE), DM (ENDOCRINOLOGY)",DELHI,WEST DELHI
ANU SOBHA JOSE,PSYCHIATRIST,"MBBS, DPM",KERALA,ERNAKULAM
ANUP KUMAR GUPTA,DIETICIAN,CND,BIHAR,WEST CHAMPARAN
ARJUN PRASAD,PHYSIOTHERAPIST,BPT,ASSAM,TINSUKIA
BUY CIALIS ONLINE OVERNIGHT SHIPPING,GERIATRIC MEDICINE SPECIALIST,PURCHASE CIALIS ONLINE,ASSAM,
DR ALOK PANDEY,UROLOGIST,MBBS MS DNB UROLOGY,BIHAR,WEST CHAMPARAN
DR AMARENDRA KUMAR TIWARI,AYUSH DOCTOR,BAMS,BIHAR,SIWAN
DR AMIT KUMAR,GYNAECOLOGIST,MBBS DGO,BIHAR,LAKHISARAI
DR AMIT KUMAR,GYNAECOLOGIST,MBBS DGO,BIHAR,LAKHISARAI
DR ANIL KUMAR,PHYSICIAN (MD MEDICINE),MD,MADHYA PRADESH,REWA
DR ANKUR PRIYADARSHI,PAEDIATRICIAN,"MBBS, MD (PEDIATRICS)",BIHAR,BHAGALPUR
DR ANKUR SINGHAI,PAEDIATRICIAN,"MBBS, DCH , DNB, MNAMS",MADHYA PRADESH,BHOPAL
DR ARUNA CHOUHAN,GYNAECOLOGIST,MBBS MD,MADHYA PRADESH,BETUL
DR CH VEERAMMA,GYNAECOLOGIST,"M.B.B.S, DGO(BOMBAY),MD, FMAS,",ANDHRA PRADESH,NELLORE
DR FRANK MOHAN,CHEST PHYSICIAN,"DTCD, DNB PULMONOLOGY",ANDHRA PRADESH,KURNOOL
DR HEMANT KUMAR,PSYCHIATRIST,"MBBB, MD(PSYCHIATRY)",BIHAR,EAST CHAMPARAN
DR K HEMANTH KUMAR MD DM,NEUROLOGIST,"MBBS,MD,DM NEUROLOGY",ANDHRA PRADESH,KURNOOL
DR K HEMANTH KUMAR MD DM,NEUROLOGIST,"MBBS, MD GENERAL MEDICINE, DM NEUROLOGY",ANDHRA PRADESH,KURNOOL
DR KAMAKHYA KUMAR,CHEST PHYSICIAN,"MBBS, MD, DTCD",BIHAR,BHAGALPUR
DR MAHENDRA GIRI BEVARA,SURGEON (MS GENERAL SURGERY),"MBBS,MS, PDFC",ANDHRA PRADESH,VIZIANAGARAM
DR NIMIT KUMAR,CARDIOLOGIST,MBBS MD(MEDICINE) DM(CARDIO) FACC,BIHAR,SUPAUL
DR NITYANAND,AYUSH DOCTOR,BHMS,BIHAR,SARAN
DR PRASHANT KUMAR SINGH,CHEST PHYSICIAN,"MBBS,DNB,DTCD,FCCP(USA)",BIHAR,PATNA
DR PRUDHVIRAJ MASAPU ONCOLOGIST,ONCOLOGIST-RADIATION,"MBBS,MD RADIATION ONCOLOGY",ANDHRA PRADESH,EAST GODAVARI
DR PURUSHOTTAM KUMAR,CARDIOLOGIST,"MBBS,MD(MEDICINE),DRNB(CARDIOLOGY)",BIHAR,SITAMARHI
DR RAJEE KUMAR,DERMATOLOGIST,"MBBS, MD",BIHAR,SIWAN
DR ROHAN SINHA,DIABETOLOGIST,MBBS MD,BIHAR,MUZAFFARPUR
DR VANDANA,GYNAECOLOGIST,MBBS DGO,BIHAR,BHOJPUR
DR VISHNUKANT KUMAR,AYUSH DOCTOR,BAMS,BIHAR,PATNA
DR. AADE D.R.,AYUSH DOCTOR,DHMS,MADHYA PRADESH,BALAGHAT
DR. AAGHAZ S.M.,ALLOPATHIC FAMILY PHYSICIAN,MBBS,MADHYA PRADESH,BHOPAL
DR. AALAM,ALLOPATHIC FAMILY PHYSICIAN,MBBS,MADHYA PRADESH,CHHATARPUR
DR. AAMIR FARAH,PATHOLOGIST-MICROBIOLOGIST,"MBBS, MD (MICROBIOLOGY)",MAHARASHTRA,NAGPUR
DR. AAMIR RIYAZ,DERMATOLOGIST,"MBBS, DVD, FCPS (MUMBAI)",MAHARASHTRA,NAGPUR
DR. AANCHALE JOGESH,ALLOPATHIC FAMILY PHYSICIAN,MBBS,MADHYA PRADESH,BARWANI
DR. AANJNE RAJENDRA KUMAR,ONCOLOGIST-RADIATION,"MBBS, MD (RADIATION-ONCOLOGY)",MADHYA PRADESH,INDORE
DR. AARKH VIJAY,ORTHOPAEDIC SURGEON,"MBBS, D.ORTH",MADHYA PRADESH,HOSHANGABAD
DR. AARYA HAJARI LAL,ALLOPATHIC FAMILY PHYSICIAN,MBBS,MADHYA PRADESH,SHAJAPUR
DR. AB MAAJID,PSYCHIATRIST,"MBBS, MD (PSYCHIATRY)",JAMMU AND KASHMIR,SRINAGAR
DR. ABBAS ALI,ALLOPATHIC FAMILY PHYSICIAN,MBBS,MADHYA PRADESH,BHOPAL
DR. ABBAS ALI,ANAESTHESIOLOGIST,"MBBS, MD (ANAESTHESIA)",MADHYA PRADESH,KHANDWA
DR. ABBAS ALI,PHYSICIAN (MD MEDICINE),"MBBS, MD (MEDICINE)",MADHYA PRADESH,UJJAIN
DR. ABBAS SHAHID,NEPHROLOGIST,"MBBS, MD DNB (NEPHROLOGY)",MADHYA PRADESH,INDORE
DR. ABBASI B.K.,GYNAECOLOGIST,"MBBS, DGO",MAHARASHTRA,NAGPUR
DR. ABBASI KAFIL A,AYUSH DOCTOR,DHMS,MADHYA PRADESH,BHOPAL
DR. ABBASI KAUSAR S.,PSYCHIATRIST,"MBBS, MD (PSYCHIATRY)",MAHARASHTRA,NAGPUR
DR. ABDUL MALIK,ALLOPATHIC FAMILY PHYSICIAN,MBBS,MADHYA PRADESH,INDORE
DR. ABHAYA AVINASH,NON CLINICAL MD-MS,"MBBS, MS (ANATOMY)",CHANDIGARH,CHANDIGARH
DR. ABHINAV KUMAR,PSYCHIATRIST,"MBBS, MD (PSYCHIATRY)",UTTAR PRADESH,GORAKHPUR
DR. ABHISHEK M.P.,ALLOPATHIC FAMILY PHYSICIAN,MBBS,MADHYA PRADESH,SAGAR
DR. ABHYANKAR HEMANGI,ANAESTHESIOLOGIST,"MBBS, MD (ANAESTHESIA)",MAHARASHTRA,NAGPUR
DR. ABIB SAYYED,PAEDIATRICIAN,"MBBS, DCH",MADHYA PRADESH,BURHANPUR
DR. ABOOBACKER C.P.,PSYCHIATRIST,"MBBS, MD (PSYCHIATRY)",KERALA,KOZHIKODE
DR. ABRAHAM FRANCIS,PSYCHIATRIST,"MBBS, MD (PSYCHIATRY)",KERALA,KANNUR
DR. ABRAHM SUSAN,RADIOLOGIST,"MBBS, MD",MADHYA PRADESH,MANDLA
DR. ABRAR SHAISTA,DENTAL SURGEON,BDS,MADHYA PRADESH,BHOPAL
DR. ACHALE KAVITA (KAVCHE),OPHTHALMOLOGIST,"MBBS, DOMS",MADHYA PRADESH,KHANDWA
DR. ACHANTA NARSIMHARAO SRINIVASU,PAEDIATRICIAN,"MBBS, MD (PAEDIATRICS)",MAHARASHTRA,NAGPUR
DR. ACHARYA CHARULATA,GYNAECOLOGIST,"MBBS, DGO",MADHYA PRADESH,INDORE
DR. ACHARYA D.C.,AYUSH DOCTOR,BAMS,MADHYA PRADESH,INDORE
DR. ACHARYA DEBASHISH,PAEDIATRICIAN,"MBBS, DCH",MAHARASHTRA,NAGPUR
DR. ACHARYA DILIP,SURGEON (MS GENERAL SURGERY),"MBBS, MS, FICS, FAIS, FAMS",MADHYA PRADESH,INDORE
DR. ACHARYA DINESH,SURGEON (MS GENERAL SURGERY),"MBBS, MS (GENERAL SURGERY)",MADHYA PRADESH,INDORE
DR. ACHARYA GAURAV,ANAESTHESIOLOGIST,"MBBS, MD (ANESTHESIOLOGY)",MADHYA PRADESH,INDORE
DR. ACHARYA HIMANSHU,PAEDIATRIC SURGEON,"MBBS, MS, MCH, DNB",MADHYA PRADESH,JABALPUR
DR. ACHARYA ISHAN,OPHTHALMOLOGIST,"MBBS, MS (OPHTHAL)",GUJARAT,VADODARA
DR. ACHARYA JAYANT,PHYSICIAN (MD MEDICINE),"MBBS, MD (MEDICINE)",GUJARAT,VADODARA
DR. ACHARYA M.K.,PHYSICIAN (MD MEDICINE),"MBBS, MD (MEDICINE)",MADHYA PRADESH,INDORE
DR. ACHARYA MOUSHUMI,PATHOLOGIST-MICROBIOLOGIST,"MBBS, MD (PATHOLOGY)",MAHARASHTRA,NAGPUR
DR. ACHARYA MUKTA SHRIGAUR,GYNAECOLOGIST,"MBBS, DGO",MADHYA PRADESH,UJJAIN
DR. ACHARYA NITIN,ALLOPATHIC FAMILY PHYSICIAN,MBBS,MADHYA PRADESH,UJJAIN
DR. ACHARYA PRASHANT,PHYSICIAN (MD MEDICINE),"MBBS, MD",MADHYA PRADESH,UJJAIN
DR. ACHARYA RAM BALLABH,AYUSH DOCTOR,BAMS,MADHYA PRADESH,BHOPAL
DR. ACHARYA RUMITA,ENT SURGEON,"MBBS, MS, DNB",MADHYA PRADESH,JABALPUR
DR. ACHARYA S.J.,NEPHROLOGIST,"MBBS, MD, DNB (NEPHROLOGY)",MAHARASHTRA,NAGPUR
DR. ACHARYA S.K.,AYUSH DOCTOR,DHMS,CHHATTISGARH,KOREA
DR. ACHARYA SURESH KUMAR,PHYSICIAN (MD MEDICINE),"MBBS, MD",MADHYA PRADESH,MANDSAUR
DR. ACHNERE,ALLOPATHIC FAMILY PHYSICIAN,MBBS,MADHYA PRADESH,BETUL
DR. ACHWAL SUVARNA,GYNAECOLOGIST,"MBBS, DGO",MADHYA PRADESH,SAGAR
DR. ADALATWALE DIVYA,ALLOPATHIC FAMILY PHYSICIAN,MBBS,MAHARASHTRA,NAGPUR
DR. ADALJA CHHAYA J.,DENTAL SURGEON,"BDS, MDS (ORAL RADIOLOGY & MEDICINE)",GUJARAT,VADODARA
DR. ADALJA HARSHAD R.,PATHOLOGIST-MICROBIOLOGIST,"MBBS, MD (PATHOLOGY)",GUJARAT,RAJKOT
DR. ADALJA JAYESH R.,PATHOLOGIST-MICROBIOLOGIST,"MBBS, MD (PATHOLOGY)",GUJARAT,VADODARA
DR. ADALJA SANGITA,GYNAECOLOGIST,"MBBS, DGO",GUJARAT,VADODARA
DR. ADANI HINESHKUMAR R.,ORTHOPAEDIC SURGEON,"MBBS, D.ORTHO.",GUJARAT,RAJKOT
DR. ADARSH K.L.,ALLOPATHIC FAMILY PHYSICIAN,MBBS,MADHYA PRADESH,DAMOH
DR. ADATIA PAWAN,PSYCHIATRIST,"MBBS, DPM",MAHARASHTRA,NAGPUR
DR. ADATIA RUPA PAWAN,DERMATOLOGIST,"MBBS, DVD",MAHARASHTRA,NAGPUR
DR. ADAVAL RAHUL,RADIOLOGIST,"MBBS, DMRD, DNB (RADIOLOGY)",MADHYA PRADESH,INDORE
DR. ADBE VINOD,PHYSICIAN (MD MEDICINE),"MBBS, MD (MEDICINE), DNB (MEDICINE)",MAHARASHTRA,NAGPUR
DR. ADE ANIMESH,ALLOPATHIC FAMILY PHYSICIAN,MBBS,MADHYA PRADESH,JABALPUR
DR. ADGAONKAR DEEPALI,PATHOLOGIST-MICROBIOLOGIST,"MBBS, DPB",MADHYA PRADESH,JABALPUR
DR. ADGAONKAR NITIN,ENT SURGEON,"MBBS, MS, DNB (ENT)",MADHYA PRADESH,JABALPUR
DR. ADHIKARI,ALLOPATHIC FAMILY PHYSICIAN,MBBS,MADHYA PRADESH,KHARGONE
DR. ADHIKARI ALOK,AYUSH DOCTOR,BAMS,MADHYA PRADESH,BHOPAL
DR. ADHIKARI DAYANAND,ALLOPATHIC FAMILY PHYSICIAN,MBBS,MADHYA PRADESH,KATNI
DR. ADHIKARI JAGDEEP,ALLOPATHIC FAMILY PHYSICIAN,MBBS,MADHYA PRADESH,RAISEN
DR. ADHIKARI PRAMILA,PAEDIATRICIAN,"MBBS, DCH, DNB, GMSH, D.CH.",MADHYA PRADESH,INDORE
DR. ADHIKARI PRAVIN,SURGEON (MS GENERAL SURGERY),"MBBS, MS",MADHYA PRADESH,KHARGONE
DR. ADHIKARI R.K.,AYUSH DOCTOR,DHMS,MADHYA PRADESH,RAISEN
DR. ADHIKARI S.K.,AYUSH DOCTOR,"BAMS, MD (AM)",MADHYA PRADESH,BHOPAL
DR. ADHIKARI SACHIN,NEUROSURGEON,"MBBS, MS, MCH (NEURO SURGERY)",MADHYA PRADESH,INDORE
DR. ADHIKARI SAMIRAN,PSYCHIATRIST,"MBBS, MD (PSYCHIATRY)",MAHARASHTRA,MUMBAI
DR. ADHIKARI SUDIPTA,ALLOPATHIC FAMILY PHYSICIAN,MBBS,UTTAR PRADESH,SONBHADRA
DR. ADHIKARI VANDANA,SURGEON (MS GENERAL SURGERY),"MBBS, MS",MADHYA PRADESH,KHARGONE
DR. ADITYA,ALLOPATHIC FAMILY PHYSICIAN,MBBS,MADHYA PRADESH,SAGAR
DR. ADIYA SUDARSHAN,SURGEON (MS GENERAL SURGERY),"MBBS, MS (GENERAL SURGERY)",MADHYA PRADESH,INDORE
DR. ADMANE NEELIMA,GYNAECOLOGIST,"MBBS, MD, DGO",MADHYA PRADESH,INDORE
DR. ADMANE VIJAY,SURGEON (MS GENERAL SURGERY),"MBBS, MS (SURGERY)",MADHYA PRADESH,INDORE
DR. ADWAID PRAKASH,SURGEON (MS GENERAL SURGERY),"MBBS, MS (GENERAL SURGERY)",MADHYA PRADESH,INDORE
DR. ADWANI ASHOK KUMAR,AYUSH DOCTOR,BAMS,MADHYA PRADESH,BHOPAL
DR. ADWANI KAVITA,GYNAECOLOGIST,"MBBS (MANIPUR), MD(GYNAE)",MADHYA PRADESH,BHOPAL
DR. ADWANI NAVEEN KUMAR,AYUSH DOCTOR,BAMS,MADHYA PRADESH,KATNI
DR. ADWANI POONAM,SURGEON (MS GENERAL SURGERY),"MBBS, MS",MADHYA PRADESH,SATNA
DR. ADWANI SATISH,PHYSICIAN (MD MEDICINE),"MBBS, MD",MADHYA PRADESH,BHOPAL
DR. ADWANI VEERBHAN,ALLOPATHIC FAMILY PHYSICIAN,MBBS,MADHYA PRADESH,BHOPAL
DR. ADWANIKAR GEETA,GYNAECOLOGIST,"MBBS, MD (OBS & GYN)",GUJARAT,VADODARA
DR. AFGAN SHER,SURGEON (MS GENERAL SURGERY),"MBBS, MS (GENERAL SURGERY)",MADHYA PRADESH,INDORE
DR. AFRI ZAHID,PHYSICIAN (MD MEDICINE),"MBBS, MD (MEDICINE)",BIHAR,MUZAFFARPUR
DR. AGAM SHRIVASTAVA,RADIOLOGIST,"MBBS, MD (RADIOLOGY), CD",GUJARAT,VADODARA
DR. AGAR ARUN,PAEDIATRICIAN,"MBBS, DCH",MADHYA PRADESH,INDORE
DR. AGARIYA RAJESH,PAEDIATRICIAN,"MBBS, DCH",MADHYA PRADESH,NARSINGHPUR
DR. AGARKAR S.S.,ALLOPATHIC FAMILY PHYSICIAN,MBBS,MADHYA PRADESH,INDORE
DR. AGARKAR SIDHHARTH,ANAESTHESIOLOGIST,"MBBS, MD (ANAESTHESIA)",MADHYA PRADESH,GWALIOR
DR. AGARWAL,OPHTHALMOLOGIST,"MBBS, MS (OPHTHALMOLOGY)",ANDAMAN AND NICOBAR,SOUTH ANDAMAN
DR. AGARWAL A.K.,ENT SURGEON,"MBBS, MS (ENT), DLO",MADHYA PRADESH,HOSHANGABAD
DR. AGARWAL ADITYA,ANAESTHESIOLOGIST,"MBBS, MD",MADHYA PRADESH,BHOPAL
DR. AGARWAL AJAY,PHYSICIAN (MD MEDICINE),"MBBS,MD (MEDICINE)",UTTAR PRADESH,AGRA
DR. AGARWAL AJAY KUMAR,CARDIOLOGIST,"MBBS, MD, DM (CARDIOLOGY)",UTTAR PRADESH,AGRA
DR. AGARWAL AJIT KUMAR,ALLOPATHIC FAMILY PHYSICIAN,MBBS,UTTAR PRADESH,AGRA
DR. AGARWAL ALOK,NEUROSURGEON,"MBBS, MS, MCH (NEURO SURGERY)",UTTAR PRADESH,AGRA
DR. AGARWAL AMIT,PAEDIATRICIAN,"MBBS, DCH",MADHYA PRADESH,BHOPAL
DR. AGARWAL AMIT,ORTHOPAEDIC SURGEON,"MBBS, MS (ORTHO)",UTTAR PRADESH,AGRA
DR. AGARWAL AMIT,GASTRO SURGEON,"MBBS, MS (GEN. SURG.)",UTTAR PRADESH,LUCKNOW
DR. AGARWAL AMRIT,ALLOPATHIC FAMILY PHYSICIAN,MBBS,RAJASTHAN,AJMER
DR. AGARWAL ANAND,ALLOPATHIC FAMILY PHYSICIAN,MBBS,UTTAR PRADESH,AGRA
DR. AGARWAL ANIL,DERMATOLOGIST,"MBBS, DVD, MD (DERMATOLOGY)",HARYANA,GURGAON
DR. AGARWAL ANIL,PATHOLOGIST-MICROBIOLOGIST,"MBBS, DCP",UTTAR PRADESH,AGRA
DR. AGARWAL ANIL KUMAR,PSYCHIATRIST,"MBBS, MD (PSYCHIATRY)",UTTAR PRADESH,LUCKNOW
DR. AGARWAL ANIL KUMAR,PSYCHIATRIST,"MBBS, MD (PSYCHIATRY)",UTTARAKHAND,DEHRADUN
DR. AGARWAL ANKUR,RADIOLOGIST,"MBBS, MD (RADIODIAGNOSIS)",UTTAR PRADESH,AGRA
DR. AGARWAL ANUBAV,ORTHOPAEDIC SURGEON,"MBBS, D.ORTHO.",UTTAR PRADESH,AGRA
DR. AGARWAL ARPIT,PHYSICIAN (MD MEDICINE),"MBBS, MD (MEDICINE)",RAJASTHAN,KOTA
DR. AGARWAL ARUN,PHYSICIAN (MD MEDICINE),"MBBS, MD (MEDICINE)",UTTAR PRADESH,AGRA
DR. AGARWAL ARVIND KUMAR,NEUROSURGEON,"MBBS, MS, MCH (NEURO SURGERY)",UTTAR PRADESH,AGRA
DR. AGARWAL ASHISH,ALLOPATHIC FAMILY PHYSICIAN,MBBS,UTTAR PRADESH,AGRA
DR. AGARWAL ASHOK KUMAR,ALLOPATHIC FAMILY PHYSICIAN,MBBS,UTTAR PRADESH,AGRA
DR. AGARWAL ASHOK KUMAR,PSYCHIATRIST,"MBBS, MD (PSYCHIATRY)",UTTAR PRADESH,SAHARANPUR
DR. AGARWAL ASSEM,OPHTHALMOLOGIST,"MBBS, MS (OPHTHALMOLOGY)",UTTAR PRADESH,AGRA
DR. AGARWAL ATUL,ALLOPATHIC FAMILY PHYSICIAN,MBBS,UTTAR PRADESH,AGRA
DR. AGARWAL AYUSH,ORTHOPAEDIC SURGEON,"MBBS, MS (ORTHO)",UTTAR PRADESH,AGRA
DR. AGARWAL B.M.,PATHOLOGIST-MICROBIOLOGIST,"MBBS, MD (MICROBIOLOGY)",UTTAR PRADESH,AGRA
DR. AGARWAL BHALBHADRA K.,PHYSICIAN (MD MEDICINE),"MBBS, MD (MEDICINE)",UTTAR PRADESH,AGRA
DR. AGARWAL BIPLAV,DERMATOLOGIST,"MBBS, MD (DERMATOLOGY)",HARYANA,GURGAON
DR. AGARWAL BRIJ MOHAN,ALLOPATHIC FAMILY PHYSICIAN,MBBS,RAJASTHAN,AJMER
DR. AGARWAL BRIJESH B.,PSYCHIATRIST,"MBBS, MD (PSYCHIATRY)",UTTAR PRADESH,AGRA
DR. AGARWAL D.C.,ENT SURGEON,"MBBS, MS",MADHYA PRADESH,BHOPAL
DR. AGARWAL D.K.,NEPHROLOGIST,"MBBS, MD, DM (NEPHROLOGY)",UTTAR PRADESH,AGRA
DR. AGARWAL D.P.,PAEDIATRICIAN,"MBBS, DCH",MADHYA PRADESH,BHOPAL
DR. AGARWAL D.P.,ALLOPATHIC FAMILY PHYSICIAN,MBBS,UTTAR PRADESH,AGRA
DR. AGARWAL D.S.,PATHOLOGIST-MICROBIOLOGIST,"MBBS, DCP",UTTAR PRADESH,AGRA
DR. AGARWAL DEEPAK,PATHOLOGIST-MICROBIOLOGIST,"MBBS, MD (PATH)",UTTAR PRADESH,AGRA
DR. AGARWAL DEEPAK,PAEDIATRICIAN,"MBBS, MD (PAEDIATRICS)",MADHYA PRADESH,GWALIOR
DR. AGARWAL DILIP,OPHTHALMOLOGIST,"MBBS, DOMS",GUJARAT,RAJKOT
DR. AGARWAL G.C.,ALLOPATHIC FAMILY PHYSICIAN,MBBS,MADHYA PRADESH,BHOPAL
DR. AGARWAL GAURAV,GASTRO SURGEON,"MBBS, MS (GEN. SURG.), FACS",UTTAR PRADESH,LUCKNOW
DR. AGARWAL GOPAL KISHAN,SURGEON (MS GENERAL SURGERY),"MBBS, MS (GEN. SURG.)",RAJASTHAN,AJMER
DR. AGARWAL HARISH KUMAR,PSYCHIATRIST,"MBBS, MD (PSYCHIATRY)",UTTAR PRADESH,LUCKNOW
DR. AGARWAL HEMENDRA,ALLOPATHIC FAMILY PHYSICIAN,MBBS,UTTAR PRADESH,AGRA
DR. AGARWAL HIMANSHU,DENTAL SURGEON,BDS,MADHYA PRADESH,BHOPAL
DR. AGARWAL J.L.,ALLOPATHIC FAMILY PHYSICIAN,MD(MEDICINE),MADHYA PRADESH,BETUL
DR. AGARWAL JUHI,GYNAECOLOGIST,"MBBS, MD",MADHYA PRADESH,BHOPAL
DR. AGARWAL K.B.,ALLOPATHIC FAMILY PHYSICIAN,MBBS,UTTAR PRADESH,AGRA
DR. AGARWAL K.C.,ALLOPATHIC FAMILY PHYSICIAN,MBBS,MADHYA PRADESH,BHOPAL
DR. AGARWAL K.K.,ENT SURGEON,"MBBS, MS, DLO",MADHYA PRADESH,BHOPAL
DR. AGARWAL K.M.,ALLOPATHIC FAMILY PHYSICIAN,MBBS,UTTAR PRADESH,AGRA
DR. AGARWAL KALA,ALLOPATHIC FAMILY PHYSICIAN,MBBS,MADHYA PRADESH,SAGAR
DR. AGARWAL KISHAN KUMAR,UROLOGIST,"MBBS, MS, MCH (UROLOGY)",UTTAR PRADESH,AGRA
DR. AGARWAL KISHAN MOHAN,ALLOPATHIC FAMILY PHYSICIAN,MBBS,UTTAR PRADESH,AGRA
DR. AGARWAL KOKILA,GYNAECOLOGIST,"MBBS, MD (GYNAECOLOGY)",MADHYA PRADESH,HOSHANGABAD
DR. AGARWAL LAXMI,PATHOLOGIST-MICROBIOLOGIST,"MBBS, MD (PATHOLOGY)",RAJASTHAN,KOTA
DR. AGARWAL M.C.,ALLOPATHIC FAMILY PHYSICIAN,MBBS,UTTAR PRADESH,AGRA
DR. AGARWAL M.M.,ALLOPATHIC FAMILY PHYSICIAN,MBBS,RAJASTHAN,AJMER
DR. AGARWAL MADHU SUDAN,UROLOGIST,"MBBS, MS, MCH (UROLOGY), MNAMS (SURGERY & UROLOGY)",UTTAR PRADESH,AGRA
DR. AGARWAL MAN MOAHAN,ALLOPATHIC FAMILY PHYSICIAN,MBBS,UTTAR PRADESH,AGRA
DR. AGARWAL MANISH J.,DENTAL SURGEON,BDS,MADHYA PRADESH,BETUL
DR. AGARWAL MANMOHAN,ALLOPATHIC FAMILY PHYSICIAN,MBBS,MADHYA PRADESH,BETUL
DR. AGARWAL MANOJ,GYNAECOLOGIST,"MBBS, DGO",UTTAR PRADESH,AGRA
DR. AGARWAL MANOJ,ORTHOPAEDIC SURGEON,"MBBS, MS (ORTHO)",UTTAR PRADESH,AGRA
DR. AGARWAL MANOJ,DENTAL SURGEON,"BDS, MDS (CONSERVATIVE DENTISTRY)",RAJASTHAN,JAIPUR
DR. AGARWAL MANU,PSYCHIATRIST,"MBBS, MD (PSYCHIATRY)",UTTAR PRADESH,LUCKNOW
DR. AGARWAL MEGHARANI,ALLOPATHIC FAMILY PHYSICIAN,MBBS,MADHYA PRADESH,INDORE
DR. AGARWAL MOHIT,DENTAL SURGEON,"BDS, MDS (MAXILLOFACIAL SURGERY)",RAJASTHAN,JAIPUR
DR. AGARWAL MUDIT,PATHOLOGIST-MICROBIOLOGIST,"MBBS, MD, DNB (PATHOLOGY)",DELHI,NORTH WEST DELHI
DR. AGARWAL MUKESH,ALLOPATHIC FAMILY PHYSICIAN,MBBS,UTTAR PRADESH,AGRA
DR. AGARWAL NAMITA,ALLOPATHIC FAMILY PHYSICIAN,MBBS,MADHYA PRADESH,BHOPAL
DR. AGARWAL NAVNEET,ONCOLOGIST-RADIATION,"MBBS, MD (RT)",UTTAR PRADESH,AGRA
DR. AGARWAL NAWAL,ALLOPATHIC FAMILY PHYSICIAN,MBBS,UTTAR PRADESH,AGRA
DR. AGARWAL NEELU,ALLOPATHIC FAMILY PHYSICIAN,MBBS,MADHYA PRADESH,BHOPAL
DR. AGARWAL NEENA,GYNAECOLOGIST,"MBBS, MS, FICOG",MADHYA PRADESH,INDORE
DR. AGARWAL NIDHI,PATHOLOGIST-MICROBIOLOGIST,"MBBS, MD (PATHOLOGY)",RAJASTHAN,KOTA
DR. AGARWAL O.P.,ALLOPATHIC FAMILY PHYSICIAN,MBBS,UTTAR PRADESH,AGRA
DR. AGARWAL P.N.,RADIOLOGIST,"MBBS, MD (RADIODIAGNOSIS)",UTTAR PRADESH,AGRA
DR. AGARWAL PALLAVI,GYNAECOLOGIST,"MBBS, MD (GYNAECOLOGY)",MADHYA PRADESH,INDORE
DR. AGARWAL PARUL,PATHOLOGIST-MICROBIOLOGIST,"MBBS, MD (PATHOLOGY)",RAJASTHAN,KOTA
DR. AGARWAL PAWAN K.,ALLOPATHIC FAMILY PHYSICIAN,MBBS,UTTAR PRADESH,AGRA
DR. AGARWAL POORNIMA,DENTAL SURGEON,"BDS, MDS (ORTHODONTICS)",RAJASTHAN,JAIPUR
DR. AGARWAL PRABHAT,ALLOPATHIC FAMILY PHYSICIAN,MBBS,UTTAR PRADESH,AGRA
DR. AGARWAL PRAVEENA,GYNAECOLOGIST,"MBBS, MS",MADHYA PRADESH,BHOPAL
DR. AGARWAL PREM NARAYAN,PAEDIATRICIAN,"MBBS, MD, DCM",MADHYA PRADESH,BHOPAL
DR. AGARWAL PRIYANATH,CHEST PHYSICIAN,"MBBS, MD, DM (PULMONARY MEDICINE)",MADHYA PRADESH,BHOPAL
DR. AGARWAL PRIYANK,ORTHOPAEDIC SURGEON,"MBBS, MS (ORTHO)",MADHYA PRADESH,SAGAR
DR. AGARWAL PUNEET,SURGEON (MS GENERAL SURGERY),"MBBS, MS (GENERAL SURGERY)",UTTAR PRADESH,AGRA
DR. AGARWAL R.C.,SURGEON (MS GENERAL SURGERY),"MBBS, MS (GENERAL SURGERY)",UTTAR PRADESH,AGRA
DR. AGARWAL R.K.,PSYCHIATRIST,"MBBS, MD (PSYCHIATRY)",UTTAR PRADESH,MEERUT
DR. AGARWAL R.S.,AYUSH DOCTOR,"BHMS, MD (HOMOEO.)",MADHYA PRADESH,BHOPAL
DR. AGARWAL RADHEYSHAYAM BANSILAL,PSYCHIATRIST,"MBBS, MD (PSYCHIATRY)",GUJARAT,BANASKANTHA
DR. AGARWAL RAHUL,ENT SURGEON,"MBBS, DM, DNB (ENT), DORL",MADHYA PRADESH,BHOPAL
DR. AGARWAL RAJEEV,PHYSICIAN (MD MEDICINE),"MBBS, MD (MEDICINE)",MADHYA PRADESH,GWALIOR
DR. AGARWAL RAJEEV,UROLOGIST,"MBBS, MS, MCH (UROLOGY)",MADHYA PRADESH,INDORE
DR. AGARWAL RAJEEV MOHAN,PAEDIATRICIAN,"MBBS, DCH",UTTAR PRADESH,AGRA
DR. AGARWAL RAJENDRA RADHA KISHAN,PSYCHIATRIST,"MBBS, MD (PSYCHIATRY)",GUJARAT,SURAT
DR. AGARWAL RAJESH,ORTHOPAEDIC SURGEON,"MBBS, MS (ORTHO)",UTTAR PRADESH,AGRA
DR. AGARWAL RAJESH,PHYSICIAN (MD MEDICINE),"MBBS, MD (MEDICINE)",MADHYA PRADESH,GWALIOR
DR. AGARWAL RAJESH,CHEST PHYSICIAN,"MBBS, MD (PULMONARY MEDICINE)",WEST BENGAL,DARJEELING
DR. AGARWAL RAKESH,ENT SURGEON,"MBBS, MS (ENT)",UTTAR PRADESH,AGRA
DR. AGARWAL RAKESH,NEUROLOGIST,"MBBS, MD, DM (NEUROLOGY)",RAJASTHAN,JAIPUR
DR. AGARWAL RAVINDRA K.,ALLOPATHIC FAMILY PHYSICIAN,MBBS,RAJASTHAN,AJMER
DR. AGARWAL REETA,GYNAECOLOGIST,"MBBS, MD",MADHYA PRADESH,BHOPAL
DR. AGARWAL RESHMA,PSYCHIATRIST,"MBBS, MD (PSYCHIATRY)",DELHI,NEW DELHI
DR. AGARWAL RITA,ALLOPATHIC FAMILY PHYSICIAN,MBBS,UTTAR PRADESH,AGRA
DR. AGARWAL ROHIT,RADIOLOGIST,"MBBS, MD (RADIODIAGNOSIS)",UTTAR PRADESH,AGRA
DR. AGARWAL S.K.,RADIOLOGIST,"MBBS, DMRE",MADHYA PRADESH,BHOPAL
DR. AGARWAL S.M.,ALLOPATHIC FAMILY PHYSICIAN,MBBS,MADHYA PRADESH,BHOPAL
DR. AGARWAL S.N.,ANAESTHESIOLOGIST,"MBBS, MD",MADHYA PRADESH,BHOPAL
DR. AGARWAL S.N.,ORTHOPAEDIC SURGEON,"MBBS, MS (ORTHO)",UTTAR PRADESH,AGRA
DR. AGARWAL SANJAY,ORTHOPAEDIC SURGEON,"MBBS, MS (ORTHO)",UTTAR PRADESH,AGRA
DR. AGARWAL SANJAY,ORTHOPAEDIC SURGEON,"MBBS, MS (ORTHO.)",RAJASTHAN,KOTA
DR. AGARWAL SANJEEV,OPHTHALMOLOGIST,"MBBS, MS",MADHYA PRADESH,BHOPAL
DR. AGARWAL SARIKA,GYNAECOLOGIST,"MBBS, DGO",MADHYA PRADESH,INDORE
DR. AGARWAL SARITA,GYNAECOLOGIST,"MBBS, DGO",MADHYA PRADESH,BHOPAL
DR. AGARWAL SARVESH,NEUROLOGIST,"MBBS, MD, DM (NEUROLOGY)",UTTAR PRADESH,AGRA
DR. AGARWAL SATISH,DERMATOLOGIST,"MBBS, MD (DERMA)",UTTAR PRADESH,AGRA
DR. AGARWAL SAURABH G.,PATHOLOGIST-MICROBIOLOGIST,"MBBS, MD",MADHYA PRADESH,BHOPAL
DR. AGARWAL SHARAD,ENT SURGEON,"MBBS, MS (ENT)",UTTAR PRADESH,AGRA
DR. AGARWAL SHASHI,GYNAECOLOGIST,"MBBS, DGO",RAJASTHAN,AJMER
DR. AGARWAL SUBHASH CANDRA,ALLOPATHIC FAMILY PHYSICIAN,MBBS,UTTAR PRADESH,AGRA
DR. AGARWAL SUJATA,GYNAECOLOGIST,"MBBS, DGO",MADHYA PRADESH,SAGAR
DR. AGARWAL SUNDEEP,ALLOPATHIC FAMILY PHYSICIAN,MBBS,UTTAR PRADESH,AGRA
DR. AGARWAL SUNIL,ALLOPATHIC FAMILY PHYSICIAN,MBBS,UTTAR PRADESH,AGRA
DR. AGARWAL SURENDRA,DENTAL SURGEON,"BDS, MDS (PROSTHO)",MADHYA PRADESH,BHOPAL
DR. AGARWAL UMARANI,GYNAECOLOGIST,"MBBS, DGO",GUJARAT,VADODARA
DR. AGARWAL UTTAM,ENT SURGEON,"MBBS, DLO, DNB (ENT), MNAMS",WEST BENGAL,KOLKATA
DR. AGARWAL VAIBHAV,RADIOLOGIST,"MBBS, MD (RADIODIAGNOSIS)",UTTAR PRADESH,AGRA
DR. AGARWAL VANDANA,ALLOPATHIC FAMILY PHYSICIAN,MBBS,MADHYA PRADESH,BHOPAL
DR. AGARWAL VIJAY KUMAR,ALLOPATHIC FAMILY PHYSICIAN,MBBS,UTTAR PRADESH,AGRA
DR. AGARWAL VIKRAM,ALLOPATHIC FAMILY PHYSICIAN,MBBS,UTTAR PRADESH,AGRA
DR. AGARWAL VINAY,NEUROLOGIST,"MBBS, MD, DM (NEUROLOGY)",UTTAR PRADESH,AGRA
DR. AGARWAL VINIT,PHYSICIAN (MD MEDICINE),"MBBS, MD (MEDICINE)",RAJASTHAN,KOTA
DR. AGARWAL VIPUL,ALLOPATHIC FAMILY PHYSICIAN,MBBS,UTTAR PRADESH,AGRA
DR. AGARWAL VISHAL KUMAR,AYUSH DOCTOR,BHMS,MADHYA PRADESH,BHOPAL
DR. AGARWAL VISHNU,AYUSH DOCTOR,BAMS,MADHYA PRADESH,SAGAR
DR. AGARWAL VIVEK,PSYCHIATRIST,"MBBS, MD (PSYCHIATRY)",UTTAR PRADESH,LUCKNOW
DR. AGARWAL Y.B.,ALLOPATHIC FAMILY PHYSICIAN,MBBS,UTTAR PRADESH,AGRA
DR. AGARWAL YOGESH KISHORE,ALLOPATHIC FAMILY PHYSICIAN,MBBS,UTTAR PRADESH,BAREILLY
DR. AGARWAL YOGESH KUMAR,ALLOPATHIC FAMILY PHYSICIAN,MBBS,UTTAR PRADESH,AGRA
DR. AGARWALA RAJENDRA KUMAR,PSYCHIATRIST,"MBBS, MD (PSYCHIATRY)",UTTAR PRADESH,MEERUT
DR. AGASHE SHRIKANT,ALLOPATHIC FAMILY PHYSICIAN,MBBS,MADHYA PRADESH,INDORE
DR. AGGARWAL NARENDER,ACUPRESSURE-ACUPUNCTURE,"BHMS, MD (ACU)",HARYANA,REWARI
DR. AGGARWAL NITIN,PSYCHIATRIST,"MBBS, MD (PSYCHIATRY)",DELHI,CENTRAL DELHI
DR. AGGARWAL SUPRIYA,ENT SURGEON,"MBBS, DLO",MADHYA PRADESH,REWA
DR. AGGRAWAL K.K.,PHYSICIAN (MD MEDICINE),"MBBS, MD (MEDICINE)",DELHI,NEW DELHI
DR. AGGRAWAL SUSHIL KUMAR,ENT SURGEON,"MBBS, MS (ENT)",UTTAR PRADESH,VARANASI
DR. AGGRAWAL VEENA,GYNAECOLOGIST,"MBBS, DGO",DELHI,NEW DELHI
DR. AGHA NAEM KHAN,ORTHOPAEDIC SURGEON,"MBBS, MD, AD.C",MADHYA PRADESH,BHOPAL
DR. AGHERA PARTH V.,PHYSICIAN (MD MEDICINE),"MBBS, MD (MEDICINE)",GUJARAT,RAJKOT
DR. AGHERA PURVI H.,GYNAECOLOGIST,"MBBS, MD (GYNAECOLOGY)",GUJARAT,RAJKOT
DR. AGHERA SEJAL V.,ALLOPATHIC FAMILY PHYSICIAN,MBBS,GUJARAT,RAJKOT
DR. AGHERA TULSIDAS A.,ALLOPATHIC FAMILY PHYSICIAN,"MBBS, DPH",GUJARAT,RAJKOT
DR. AGHERA VIPUL V.,GYNAECOLOGIST,"MBBS, DGO",GUJARAT,RAJKOT
DR. AGHERA VITHALBHAI H.,ALLOPATHIC FAMILY PHYSICIAN,"MBBS, LMP, FCGP",GUJARAT,RAJKOT
DR. AGHIHOTRI,ALLOPATHIC FAMILY PHYSICIAN,MBBS,MADHYA PRADESH,BETUL
DR. AGICHANI RAJESH,PHYSICIAN (MD MEDICINE),"MBBS, MD (MEDICINE)",MADHYA PRADESH,INDORE
DR. AGICHANI SONALI,ALLOPATHIC FAMILY PHYSICIAN,MBBS,MADHYA PRADESH,INDORE
DR. AGNIHOTRI A.K.,AYUSH DOCTOR,BAMS,MADHYA PRADESH,MANDLA
DR. AGNIHOTRI AMIT,DENTAL SURGEON,"BDS, MDS, FAM",MADHYA PRADESH,SATNA
DR. AGNIHOTRI ASHUTOSH,ONCOLOGIST-RADIATION,"MBBS, MD",MADHYA PRADESH,JABALPUR
DR. AGNIHOTRI BASANT KUMAR,PAEDIATRICIAN,"MBBS, MD (PAEDIATRICS)",MADHYA PRADESH,REWA
DR. AGNIHOTRI DEEPA,PATHOLOGIST-MICROBIOLOGIST,"MBBS, MD",MADHYA PRADESH,JABALPUR
DR. AGNIHOTRI DEEPAK,DENTAL SURGEON,BDS,MADHYA PRADESH,PANNA
DR. AGNIHOTRI DEEPAK,PHYSICIAN (MD MEDICINE),"MBBS, MD",MADHYA PRADESH,SEONI
DR. AGNIHOTRI DEEPAK,AYUSH DOCTOR,BHMS,MADHYA PRADESH,KATNI
DR. AGNIHOTRI DEEPAK,AYUSH DOCTOR,BHMS,MADHYA PRADESH,KATNI
DR. AGNIHOTRI G.S.,ANAESTHESIOLOGIST,"MBBS, DA, MD",MADHYA PRADESH,INDORE
DR. AGNIHOTRI K.L.,AYUSH DOCTOR,BAMS,MADHYA PRADESH,INDORE
DR. AGNIHOTRI KRISHNA KUMAR,AYUSH DOCTOR,BAMS,MADHYA PRADESH,JABALPUR
DR. AGNIHOTRI M.L.,PAEDIATRICIAN,"MBBS, MD",MADHYA PRADESH,CHHATARPUR
DR. AGNIHOTRI M.S.,AYUSH DOCTOR,BAMS,MADHYA PRADESH,DHAR
DR. AGNIHOTRI NARESH KUMAR,ALLOPATHIC FAMILY PHYSICIAN,MBBS,MADHYA PRADESH,NEEMUCH
DR. AGNIHOTRI PRAWEEN,AYUSH DOCTOR,BAMS,MADHYA PRADESH,JABALPUR
DR. AGNIHOTRI R.D.,ALLOPATHIC FAMILY PHYSICIAN,MBBS,MADHYA PRADESH,HARDA
DR. AGNIHOTRI R.V.,AYUSH DOCTOR,BAMS,MADHYA PRADESH,CHHINDWARA
DR. AGNIHOTRI RAKESH KUMAR,ALLOPATHIC FAMILY PHYSICIAN,MBBS,UTTAR PRADESH,AGRA
DR. AGNIHOTRI SUDHANSHU J.,SURGEON (MS GENERAL SURGERY),"MBBS, MS",MADHYA PRADESH,BHOPAL
DR. AGNIHOTRI SUDHANSHU J.,CARDIOVASCULAR THORACIC SURGEON,"MBBS, MS, MCH (CVTS)",MADHYA PRADESH,INDORE
DR. AGNIHOTRI TANU,AYUSH DOCTOR,BHMS,MADHYA PRADESH,KATNI
DR. AGNIHOTRI VIVEK,ANAESTHESIOLOGIST,"MBBS, DA",MADHYA PRADESH,INDORE
DR. AGNIHOTRI YUGAL KISHOR,AYUSH DOCTOR,"BEMS, MSC, DPHL",MADHYA PRADESH,BHOPAL
DR. AGNOHOTRI R.D.,ALLOPATHIC FAMILY PHYSICIAN,MBBS,MADHYA PRADESH,HARDA
DR. AGRAHARI NEHALI,DENTAL SURGEON,BDS,MADHYA PRADESH,JABALPUR
DR. AGRAHARI SADAN KUMAR,AYUSH DOCTOR,BAMS,MADHYA PRADESH,JABALPUR
DR. AGRAIYA MAHIMA NATH,ALLOPATHIC FAMILY PHYSICIAN,MBBS,MADHYA PRADESH,NARSINGHPUR
DR. AGRAVAT AMIT H.,PATHOLOGIST-MICROBIOLOGIST,"MBBS, MD (PATHOLOGY)",GUJARAT,RAJKOT
DR. AGRAVAT BHARAT KUMAR RASIKLAL,ALLOPATHIC FAMILY PHYSICIAN,MBBS,GUJARAT,RAJKOT
DR. AGRAVAT HARIHAR H.,PATHOLOGIST-MICROBIOLOGIST,"MBBS, MD (PATHOLOGY)",GUJARAT,RAJKOT
DR. AGRAVAT RAMPRASAD R.,ALLOPATHIC FAMILY PHYSICIAN,MBBS,GUJARAT,RAJKOT
DR. AGRAVAT VRINDA P.,ANAESTHESIOLOGIST,"MBBS, MD (ANAESTHESIA)",GUJARAT,RAJKOT
DR. AGRAWAL A.,ALLOPATHIC FAMILY PHYSICIAN,MBBS,MADHYA PRADESH,HOSHANGABAD
DR. AGRAWAL A.C.,OPHTHALMOLOGIST,"MBBS, DOMS",MADHYA PRADESH,RAISEN
DR. AGRAWAL A.P.,PHYSICIAN (MD MEDICINE),"MBBS, MD (MEDICINE)",MADHYA PRADESH,GUNA
DR. AGRAWAL AASHISH KUMAR,ORTHOPAEDIC SURGEON,"MBBS, D.ORTH",MADHYA PRADESH,MORENA
DR. AGRAWAL ABHA,PATHOLOGIST-MICROBIOLOGIST,"MBBS, DCP",MADHYA PRADESH,INDORE
DR. AGRAWAL ACHAL,SURGEON (MS GENERAL SURGERY),"MBBS, MS",MADHYA PRADESH,RATLAM
DR. AGRAWAL ADITYA,OPHTHALMOLOGIST,"MBBS, MS, DOMS",MADHYA PRADESH,INDORE
DR. AGRAWAL AJAY,ENT SURGEON,"MBBS, MS (ENT)",MADHYA PRADESH,INDORE
DR. AGRAWAL AJAY,AYUSH DOCTOR,BHMS,MADHYA PRADESH,NARSINGHPUR
DR. AGRAWAL AJIT,GERIATRIC MEDICINE SPECIALIST,"MBBS, MD (MEDICINE)",WEST BENGAL,KOLKATA
DR. AGRAWAL AKHIKESH,DERMATOLOGIST,"MBBS, DDVL",MADHYA PRADESH,BHOPAL
DR. AGRAWAL ALKA,GYNAECOLOGIST,"MBBS, MS",MADHYA PRADESH,JABALPUR
DR. AGRAWAL ALKA,OPHTHALMOLOGIST,"MBBS, MS (OPHTHALMOLOGY)",MADHYA PRADESH,INDORE
DR. AGRAWAL ALKA M.,RADIOLOGIST,"MBBS, MD, DMRE",MADHYA PRADESH,INDORE
DR. AGRAWAL ALOK,NEUROSURGEON,"MBBS, MS, MCH",MADHYA PRADESH,JABALPUR
DR. AGRAWAL ALOK,ALLOPATHIC FAMILY PHYSICIAN,MBBS,MADHYA PRADESH,JABALPUR
DR. AGRAWAL ALOK CHANDRA,ORTHOPAEDIC SURGEON,"MBBS, MS, DNB, MNAMS, PH.D",MADHYA PRADESH,SAGAR
DR. AGRAWAL AMBUJ LOCHAN,PAEDIATRICIAN,"MBBS, MD (PAEDIATRICS)",MADHYA PRADESH,UJJAIN
DR. AGRAWAL AMIT,ENT SURGEON,"MBBS, DLO",MADHYA PRADESH,JABALPUR
DR. AGRAWAL AMIT,PHYSICIAN (MD MEDICINE),"MBBS, MD (MEDICINE)",MADHYA PRADESH,INDORE
DR. AGRAWAL AMIT,ALLOPATHIC FAMILY PHYSICIAN,MBBS,MADHYA PRADESH,UJJAIN
DR. AGRAWAL AMIT,PLASTIC COSMETIC SURGEON,"MBBS, MS, MCH (PLASTIC SURGERY)",MADHYA PRADESH,GWALIOR
DR. AGRAWAL AMIT,ALLOPATHIC FAMILY PHYSICIAN,MBBS,MADHYA PRADESH,CHHATARPUR
DR. AGRAWAL AMIT,GASTRO PHYSICIAN,"MBBS, MD, DM (GASTROENTEROLOGY)",MADHYA PRADESH,INDORE
DR. AGRAWAL AMIT,SURGEON (MS GENERAL SURGERY),"MBBS, MS (GENERAL SURGERY)",MADHYA PRADESH,GWALIOR
DR. AGRAWAL AMIT,PHYSICIAN (MD MEDICINE),"MBBS, MD (MEDICINE)",GUJARAT,VADODARA
DR. AGRAWAL AMIT R.,DENTAL SURGEON,BDS,MADHYA PRADESH,REWA
DR. AGRAWAL ANAMIKA,RADIOLOGIST,"MBBS, DIP IN SONOGRAPHY",MADHYA PRADESH,SEONI
DR. AGRAWAL ANAND,PHYSICIAN (MD MEDICINE),"MBBS, MD",MADHYA PRADESH,RATLAM
DR. AGRAWAL ANIL,ENT SURGEON,"MBBS, MS",MADHYA PRADESH,REWA
DR. AGRAWAL ANIL,CHEST PHYSICIAN,"MBBS, DTCD, MCCP",MADHYA PRADESH,INDORE
DR. AGRAWAL ANIL,PHYSICIAN (MD MEDICINE),"MBBS, MD",MADHYA PRADESH,GWALIOR
DR. AGRAWAL ANIL,DENTAL SURGEON,"BDS, MSW",MADHYA PRADESH,JABALPUR
DR. AGRAWAL ANIL,AYUSH DOCTOR,"BAMS (AYURVEDIC), MD",MADHYA PRADESH,GUNA
DR. AGRAWAL ANIMESH,DENTAL SURGEON,BDS,MADHYA PRADESH,JABALPUR
DR. AGRAWAL ANITA,ANAESTHESIOLOGIST,"MBBS, DA",MADHYA PRADESH,NARSINGHPUR
DR. AGRAWAL ANITA,ALLOPATHIC FAMILY PHYSICIAN,MBBS,MADHYA PRADESH,GWALIOR
DR. AGRAWAL ANITA,ALLOPATHIC FAMILY PHYSICIAN,MBBS,MADHYA PRADESH,VIDISHA
DR. AGRAWAL ANITA,GYNAECOLOGIST,"MBBS, DGO",MADHYA PRADESH,RAISEN
DR. AGRAWAL ANJANA,ENT SURGEON,"MBBS, MS (ENT)",MADHYA PRADESH,UJJAIN
DR. AGRAWAL ANKIT,CARDIOLOGIST,"MBBS, MD, DM (CARDIOLOGY)",MADHYA PRADESH,JABALPUR
DR. AGRAWAL ANKUR,ALLOPATHIC FAMILY PHYSICIAN,MBBS,MADHYA PRADESH,INDORE
DR. AGRAWAL ANKUR,OPHTHALMOLOGIST,"MBBS, MS",MADHYA PRADESH,JABALPUR
DR. AGRAWAL ANKUR,PHYSIOTHERAPIST,"BPT, MPT (SPORTS)",MADHYA PRADESH,BHOPAL
DR. AGRAWAL ANUJ,ORTHOPAEDIC SURGEON,"MBBS, MS, MCH, MRCS, FIAS",MADHYA PRADESH,INDORE
DR. AGRAWAL ANUPARNA,PAEDIATRICIAN,"MBBS, MD (PAEDIATRICS), DCH",MADHYA PRADESH,GWALIOR
DR. AGRAWAL ANURADHA,DENTAL SURGEON,"BDS, MDS",MADHYA PRADESH,INDORE
DR. AGRAWAL ANURAG,AYUSH DOCTOR,BAMS,MADHYA PRADESH,JABALPUR
DR. AGRAWAL APOORV,PAEDIATRICIAN,"MBBS, MD",MADHYA PRADESH,SATNA
DR. AGRAWAL ARCHANA,ALLOPATHIC FAMILY PHYSICIAN,MBBS,MADHYA PRADESH,JABALPUR
DR. AGRAWAL ARCHANA,GYNAECOLOGIST,"MBBS, DGO",MADHYA PRADESH,HOSHANGABAD
DR. AGRAWAL ARTI,DENTAL SURGEON,BDS,MADHYA PRADESH,JABALPUR
DR. AGRAWAL ARUN,ONCOLOGIST-SURGICAL,"MBBS, MS (ONCOLOGY), DNB",MADHYA PRADESH,INDORE
DR. AGRAWAL ARUN KUMAR,OPHTHALMOLOGIST,"MBBS, MS (OPHTHALMOLOGY)",MADHYA PRADESH,REWA
DR. AGRAWAL ARVIND,ORTHOPAEDIC SURGEON,"MBBS, MS, MCH (ORTHOPAEDICS)",MADHYA PRADESH,INDORE
DR. AGRAWAL ASHISH,ALLOPATHIC FAMILY PHYSICIAN,MBBS,MADHYA PRADESH,CHHINDWARA
DR. AGRAWAL ASHISH,SURGEON (MS GENERAL SURGERY),"MBBS, MS, FAMS, FIAGES",MADHYA PRADESH,INDORE
DR. AGRAWAL ASHISH,ORTHOPAEDIC SURGEON,"MBBS, D.ORTHO.",MADHYA PRADESH,UJJAIN
DR. AGRAWAL ASHISH,PHYSICIAN (MD MEDICINE),"MBBS, MD",MADHYA PRADESH,NEEMUCH
DR. AGRAWAL ASHISH,PHYSICIAN (MD MEDICINE),"MBBS, MD",MADHYA PRADESH,JABALPUR
DR. AGRAWAL ASHOK,ALLOPATHIC FAMILY PHYSICIAN,MBBS,MADHYA PRADESH,INDORE
DR. AGRAWAL ASHOK,AYUSH DOCTOR,BHMS,MADHYA PRADESH,SATNA
DR. AGRAWAL ASHOK KUMAR,SURGEON (MS GENERAL SURGERY),"MBBS, MS (GEN. SURG.)",MADHYA PRADESH,SATNA
DR. AGRAWAL ASHUTOSH,RADIOLOGIST,"MBBS, DMRD",MADHYA PRADESH,REWA
DR. AGRAWAL ASHUTOSH,ALLOPATHIC FAMILY PHYSICIAN,MBBS,MADHYA PRADESH,NARSINGHPUR
DR. AGRAWAL AVINASH,UROLOGIST,"MBBS, MS, MCH (UROLOGY)",MADHYA PRADESH,GWALIOR
DR. AGRAWAL AVYACT,PAEDIATRICIAN,"MBBS, MD (PAED)",MADHYA PRADESH,JABALPUR
DR. AGRAWAL B.L.,ALLOPATHIC FAMILY PHYSICIAN,MBBS,MADHYA PRADESH,RATLAM
DR. AGRAWAL B.R.,ALLOPATHIC FAMILY PHYSICIAN,MBBS,MADHYA PRADESH,KHARGONE
DR. AGRAWAL BABULAL,ALLOPATHIC FAMILY PHYSICIAN,MBBS,MADHYA PRADESH,DEWAS
DR. AGRAWAL BABULAL,PAEDIATRIC SURGEON,"MBBS, MS, MCH (PAEDIATRIC SURGERY)",MAHARASHTRA,NASHIK
DR. AGRAWAL BAJAJ,ALLOPATHIC FAMILY PHYSICIAN,MBBS,MADHYA PRADESH,INDORE
DR. AGRAWAL BANIFFER,DENTAL SURGEON,"BDS, MDS (PROSTHO)",MADHYA PRADESH,BHOPAL
DR. AGRAWAL BANIYA,ALLOPATHIC FAMILY PHYSICIAN,MBBS,MADHYA PRADESH,SHAHDOL
DR. AGRAWAL BANSAL,ENT SURGEON,"MBBS, DLO",MADHYA PRADESH,INDORE
DR. AGRAWAL BARKHA,DENTAL SURGEON,BDS,MADHYA PRADESH,INDORE
DR. AGRAWAL BASANT KUMAR,AYUSH DOCTOR,BAMS,MADHYA PRADESH,JABALPUR
DR. AGRAWAL BHAGWAN DAS,ALLOPATHIC FAMILY PHYSICIAN,MBBS,MADHYA PRADESH,ASHOK NAGAR
DR. AGRAWAL BHARAT BHUSHAN,DENTAL SURGEON,BDS,MADHYA PRADESH,KATNI
DR. AGRAWAL BIRAJ,ALLOPATHIC FAMILY PHYSICIAN,MBBS,MADHYA PRADESH,DHAR
DR. AGRAWAL BRAJESH,DERMATOLOGIST,"MBBS, DVD",MADHYA PRADESH,JABALPUR
DR. AGRAWAL BRIJ MOHAN,PATHOLOGIST-MICROBIOLOGIST,"MBBS, DCP",MADHYA PRADESH,JABALPUR
DR. AGRAWAL C.S.,PHYSICIAN (MD MEDICINE),"MBBS, MD (MEDICINE)",MADHYA PRADESH,INDORE
DR. AGRAWAL CHANDNI,DENTAL SURGEON,BDS,MADHYA PRADESH,SATNA
DR. AGRAWAL CHANDRASHREE,GYNAECOLOGIST,"MBBS, DGO",MADHYA PRADESH,INDORE
DR. AGRAWAL CHETNA V.,ANAESTHESIOLOGIST,"MBBS, DA",GUJARAT,VADODARA
DR. AGRAWAL CHHAYA,CHEST PHYSICIAN,"MBBS, DTCD",GUJARAT,VADODARA
DR. AGRAWAL D.K.,PAEDIATRICIAN,"MBBS, DMR, PGDMCH",MADHYA PRADESH,JABALPUR
DR. AGRAWAL D.K.,ALLOPATHIC FAMILY PHYSICIAN,MBBS,MADHYA PRADESH,JHABUA
DR. AGRAWAL D.L.,AYUSH DOCTOR,BAMS,MADHYA PRADESH,INDORE
DR. AGRAWAL D.P.,ENT SURGEON,"MBBS, DLO",MADHYA PRADESH,REWA
DR. AGRAWAL D.P.,ALLOPATHIC FAMILY PHYSICIAN,MBBS,MADHYA PRADESH,KHANDWA
DR. AGRAWAL D.S.,GYNAECOLOGIST,"MBBS, DGO",MADHYA PRADESH,INDORE
DR. AGRAWAL DAMAYANTI,CARDIOVASCULAR THORACIC SURGEON,"MBBS, MS, MCH (CVTS)",UTTAR PRADESH,VARANASI
DR. AGRAWAL DEEPAK,ALLOPATHIC FAMILY PHYSICIAN,MBBS,MADHYA PRADESH,SHAHDOL
DR. AGRAWAL DEEPAK,SURGEON (MS GENERAL SURGERY),"MBBS, MS (GEN. SURG.)",MADHYA PRADESH,REWA
DR. AGRAWAL DEEPAK,DENTAL SURGEON,"BDS, MDS",MADHYA PRADESH,INDORE
DR. AGRAWAL DEEPAK,PAEDIATRICIAN,"MBBS, MD",MADHYA PRADESH,GWALIOR
DR. AGRAWAL DEEPAK,OPHTHALMOLOGIST,"MBBS, MS (OPHTHALMOLOGY)",MADHYA PRADESH,BHOPAL
DR. AGRAWAL DEEPAK,ONCOLOGIST-SURGICAL,"MBBS, MS (ONCOLOGY SURGERY), DCCF",MADHYA PRADESH,INDORE
DR. AGRAWAL DEEPAK,ALLOPATHIC FAMILY PHYSICIAN,MBBS,CHHATTISGARH,SURGUJA
DR. AGRAWAL DEEPIKA,ALLOPATHIC FAMILY PHYSICIAN,MBBS,MADHYA PRADESH,UJJAIN
DR. AGRAWAL DEERENDRA,ALLOPATHIC FAMILY PHYSICIAN,MBBS,MADHYA PRADESH,HARDA
DR. AGRAWAL DEVESH,DERMATOLOGIST,"MBBS, DVD",MADHYA PRADESH,SATNA
DR. AGRAWAL DHRUV PREMI,PHYSICIAN (MD MEDICINE),"MBBS, MD",MADHYA PRADESH,MORENA
DR. AGRAWAL DINESH,ALLOPATHIC FAMILY PHYSICIAN,MBBS,MADHYA PRADESH,SHIVPURI
DR. AGRAWAL DINESH,ALLOPATHIC FAMILY PHYSICIAN,MBBS,MADHYA PRADESH,BARWANI
DR. AGRAWAL EKTA,MD PHYSICIAN (RUSSIA),MD (PHYSICIAN),MADHYA PRADESH,JABALPUR
DR. AGRAWAL G.D.,PHYSICIAN (MD MEDICINE),"MBBS, MD",MADHYA PRADESH,SHIVPURI
DR. AGRAWAL G.D.,DENTAL SURGEON,"BDS, FICD, FPFA",MADHYA PRADESH,BHOPAL
DR. AGRAWAL G.D.,ALLOPATHIC FAMILY PHYSICIAN,MBBS,MADHYA PRADESH,JABALPUR
DR. AGRAWAL G.K.,PAEDIATRICIAN,"MBBS, MD",MADHYA PRADESH,BHOPAL
DR. AGRAWAL G.L.,DENTAL SURGEON,BDS,MADHYA PRADESH,UJJAIN
DR. AGRAWAL GHANSHYAM DAS,PHYSICIAN (MD MEDICINE),"MBBS, MD (MEDICINE)",MADHYA PRADESH,VIDISHA
DR. AGRAWAL GOPAL,PAEDIATRICIAN,"MBBS, DNB (PAED)",GUJARAT,VADODARA
DR. AGRAWAL GRISIMA,PHYSIOTHERAPIST,"BPT, MPT (NEURO)",MADHYA PRADESH,BHOPAL
DR. AGRAWAL GUNJAN,DENTAL SURGEON,BDS,MADHYA PRADESH,KATNI
DR. AGRAWAL H.L.,RADIOLOGIST,"MBBS, MD",MADHYA PRADESH,KATNI
DR. AGRAWAL H.R.,DENTAL SURGEON,BDS,MADHYA PRADESH,SATNA
DR. AGRAWAL HARE KRISHNA,PAEDIATRICIAN,"MBBS, DCH",MADHYA PRADESH,SATNA
DR. AGRAWAL HARI PRAKASH,PAEDIATRICIAN,"MBBS, DCH",MADHYA PRADESH,GWALIOR
DR. AGRAWAL HARI PRASAD,ORTHOPAEDIC SURGEON,"MBBS, MS (ORTHO)",MADHYA PRADESH,SATNA
DR. AGRAWAL HARI PRASAD,PHYSICIAN (MD MEDICINE),"MBBS, MD",MADHYA PRADESH,CHHATARPUR
DR. AGRAWAL HARPREET KUMAR,PAEDIATRICIAN,"MBBS, MD (PAEDIATRICS)",MADHYA PRADESH,INDORE
DR. AGRAWAL HEMANT,ORTHOPAEDIC SURGEON,"MBBS, D.ORTH",MADHYA PRADESH,VIDISHA
DR. AGRAWAL HEMENDRA,ALLOPATHIC FAMILY PHYSICIAN,MBBS,MADHYA PRADESH,JABALPUR
DR. AGRAWAL HENA,GYNAECOLOGIST,"MBBS, DGO",MADHYA PRADESH,RATLAM
DR. AGRAWAL HIMANSHU,OPHTHALMOLOGIST,"MBBS, MS (OPHTHALMOLOGY)",MADHYA PRADESH,SATNA
DR. AGRAWAL HIMANSHU,PAEDIATRICIAN,"MBBS, MD (PAEDIATRICS)",MADHYA PRADESH,INDORE
DR. AGRAWAL HITESH KUMAR,OPHTHALMOLOGIST,"MBBS, MS",MADHYA PRADESH,JABALPUR
DR. AGRAWAL I.M.,ALLOPATHIC FAMILY PHYSICIAN,MBBS,MADHYA PRADESH,CHHATARPUR
DR. AGRAWAL INDU,GYNAECOLOGIST,"MBBS, DGO",MADHYA PRADESH,INDORE
DR. AGRAWAL INDU,GYNAECOLOGIST,"MBBS, DGO",MADHYA PRADESH,GWALIOR
DR. AGRAWAL J.D.,PHYSICIAN (MD MEDICINE),"MBBS, MD (MEDICINE)",MADHYA PRADESH,RAISEN
DR. AGRAWAL J.K.,PHYSICIAN (MD MEDICINE),"MBBS, MD",MADHYA PRADESH,CHHATARPUR
DR. AGRAWAL J.L.,PHYSICIAN (MD MEDICINE),"MBBS, MD",MADHYA PRADESH,BETUL
DR. AGRAWAL JAGDISH,ALLOPATHIC FAMILY PHYSICIAN,MBBS,MADHYA PRADESH,BALAGHAT
DR. AGRAWAL JAI PRAKASH,ALLOPATHIC FAMILY PHYSICIAN,MBBS,MADHYA PRADESH,SATNA
DR. AGRAWAL JATIN,DENTAL SURGEON,"BDS, MDS, FAGE",MADHYA PRADESH,INDORE
DR. AGRAWAL JAY PRAKASH,PSYCHIATRIST,"MBBS, MD (PSYCHIATRY)",MADHYA PRADESH,BHOPAL
DR. AGRAWAL JEEVAN,PAEDIATRICIAN,"MBBS, MD (PAEDIATRICS)",MADHYA PRADESH,INDORE
DR. AGRAWAL JUGAL KISHORE,PAEDIATRICIAN,"MBBS, DCH",MADHYA PRADESH,HARDA
DR. AGRAWAL JYOTHI,ANAESTHESIOLOGIST,"MBBS, MD",MADHYA PRADESH,MANDLA
DR. AGRAWAL K.G.,ALLOPATHIC FAMILY PHYSICIAN,MBBS,MADHYA PRADESH,INDORE
DR. AGRAWAL K.G.,ALLOPATHIC FAMILY PHYSICIAN,MBBS,MADHYA PRADESH,MORENA
DR. AGRAWAL K.K.,ALLOPATHIC FAMILY PHYSICIAN,MBBS,MADHYA PRADESH,BHIND
DR. AGRAWAL K.K.,OPHTHALMOLOGIST,"MBBS, MS (OPHTHALMOLOGY)",MADHYA PRADESH,BHOPAL
DR. AGRAWAL K.K.,PHYSICIAN (MD MEDICINE),"MBBS, MD (MEDICINE)",MADHYA PRADESH,GWALIOR
DR. AGRAWAL K.K.,RADIOLOGIST,"MBBS, MD (RADIOLOGY)",MADHYA PRADESH,INDORE
DR. AGRAWAL KAILASH,ALLOPATHIC FAMILY PHYSICIAN,MBBS,MADHYA PRADESH,GUNA
DR. AGRAWAL KAILASH,ALLOPATHIC FAMILY PHYSICIAN,MBBS,MADHYA PRADESH,SEHORE
DR. AGRAWAL KAILASH,OPHTHALMOLOGIST,"MBBS, DOMS",MADHYA PRADESH,SEHORE
DR. AGRAWAL KAILASH CHNADRA,ALLOPATHIC FAMILY PHYSICIAN,MBBS,MADHYA PRADESH,JABALPUR
DR. AGRAWAL KAMAL KUMAR,PHYSICIAN (MD MEDICINE),"MBBS, MD (MEDICINE)",MADHYA PRADESH,GWALIOR
DR. AGRAWAL KANHA,ALLOPATHIC FAMILY PHYSICIAN,MBBS,MADHYA PRADESH,CHHINDWARA
DR. AGRAWAL KAPIL,PLASTIC COSMETIC SURGEON,"MBBS, MS, MCH (PLASTIC SURGERY)",MADHYA PRADESH,INDORE
DR. AGRAWAL KAVITA,ALLOPATHIC FAMILY PHYSICIAN,MBBS,MADHYA PRADESH,INDORE
DR. AGRAWAL KEDARNATH,DENTAL SURGEON,BDS,MADHYA PRADESH,INDORE
DR. AGRAWAL KHUSBU,GYNAECOLOGIST,"MBBS, DGO, MS",MADHYA PRADESH,INDORE
DR. AGRAWAL KIRAN,GYNAECOLOGIST,"MBBS, DGO",MADHYA PRADESH,SATNA
DR. AGRAWAL KIRTI,AYUSH DOCTOR,BAMS,MADHYA PRADESH,SATNA
DR. AGRAWAL KOKILA,GYNAECOLOGIST,"MBBS, MD",MADHYA PRADESH,HOSHANGABAD
DR. AGRAWAL KRISHNA KUMAR,RADIOLOGIST,"MBBS, MD",MADHYA PRADESH,JABALPUR
DR. AGRAWAL KUSUM,GYNAECOLOGIST,"MBBS, MD (GYNAECOLOGY)",MADHYA PRADESH,GWALIOR
DR. AGRAWAL L.N.,ALLOPATHIC FAMILY PHYSICIAN,MBBS,MADHYA PRADESH,UJJAIN
DR. AGRAWAL L.N.,ALLOPATHIC FAMILY PHYSICIAN,MBBS,MADHYA PRADESH,KHARGONE
DR. AGRAWAL LAKHAN,ALLOPATHIC FAMILY PHYSICIAN,MBBS,MADHYA PRADESH,JABALPUR
DR. AGRAWAL LALA RAM,PHYSICIAN (MD MEDICINE),"MBBS, MD (MEDICINE)",MADHYA PRADESH,NEEMUCH
DR. AGRAWAL LALIT,GYNAECOLOGIST,"MBBS, MD (GYNAECOLOGY)",MADHYA PRADESH,DHAR
DR. AGRAWAL LALIT KUMAR,PHYSICIAN (MD MEDICINE),"MBBS, MD (MEDICINE)",CHHATTISGARH,SURGUJA
DR. AGRAWAL LAVESH,ORTHOPAEDIC SURGEON,"MBBS, MS, FIAS, FIJS",MADHYA PRADESH,INDORE
DR. AGRAWAL LAXMI NARAYAN,ALLOPATHIC FAMILY PHYSICIAN,MBBS,MADHYA PRADESH,KHARGONE
DR. AGRAWAL M.B.,ALLOPATHIC FAMILY PHYSICIAN,MBBS,MADHYA PRADESH,BALAGHAT
DR. AGRAWAL M.L.,AYUSH DOCTOR,MBBS,MADHYA PRADESH,JABALPUR
DR. AGRAWAL M.L.,ENT SURGEON,"MBBS, DLO",MADHYA PRADESH,GWALIOR
DR. AGRAWAL M.L.,ALLOPATHIC FAMILY PHYSICIAN,MBBS,MADHYA PRADESH,ASHOK NAGAR
DR. AGRAWAL M.L.,PAEDIATRICIAN,"MBBS, DCH",MADHYA PRADESH,GWALIOR
DR. AGRAWAL M.L.,OPHTHALMOLOGIST,"MBBS, DOMS",MADHYA PRADESH,GWALIOR
DR. AGRAWAL M.M.,RADIOLOGIST,"MBBS, DMRE",MADHYA PRADESH,JABALPUR
DR. AGRAWAL M.P.,PHYSICIAN (MD MEDICINE),"MBBS, MD (MEDICINE)",CHHATTISGARH,SURGUJA
DR. AGRAWAL MADAN LAL,AYUSH DOCTOR,BAMS,MADHYA PRADESH,NARSINGHPUR
DR. AGRAWAL MAHENDRA,ANAESTHESIOLOGIST,"MBBS, MD",MADHYA PRADESH,INDORE
DR. AGRAWAL MAHESH,AYUSH DOCTOR,BAMS,MADHYA PRADESH,DATIA
DR. AGRAWAL MAHESH,ORTHOPAEDIC SURGEON,"MBBS, MS, D.ORTHO.",MADHYA PRADESH,BARWANI
DR. AGRAWAL MAHESH,OPHTHALMOLOGIST,"MBBS, MS (OPHTHALMOLOGY)",MADHYA PRADESH,INDORE
DR. AGRAWAL MAHESH CHANDRA,PATHOLOGIST-MICROBIOLOGIST,"MBBS, DCP",MADHYA PRADESH,INDORE
DR. AGRAWAL MAHESH KUMAR,ALLOPATHIC FAMILY PHYSICIAN,MBBS,CHHATTISGARH,BASTAR
DR. AGRAWAL MANISH,ALLOPATHIC FAMILY PHYSICIAN,MBBS,MADHYA PRADESH,INDORE
DR. AGRAWAL MANISH,RADIOLOGIST,"MBBS, DMRD, DNB (RADIOLOGY)",MADHYA PRADESH,INDORE
DR. AGRAWAL MANISHA,GYNAECOLOGIST,"MBBS, DGO",MADHYA PRADESH,SATNA
DR. AGRAWAL MANISHA,ALLOPATHIC FAMILY PHYSICIAN,MBBS,MADHYA PRADESH,JABALPUR
DR. AGRAWAL MANJU,NON CLINICAL MD-MS,"MBBS, MD (PHARMACOLOGY)",MADHYA PRADESH,JABALPUR
DR. AGRAWAL MANJU,ALLOPATHIC FAMILY PHYSICIAN,MBBS,MADHYA PRADESH,REWA
DR. AGRAWAL MANJULA,GYNAECOLOGIST,"MBBS, DGO, MS",MADHYA PRADESH,SATNA
DR. AGRAWAL MANJULATA,PAEDIATRICIAN,"MBBS, MD",MADHYA PRADESH,JABALPUR
DR. AGRAWAL MANMOHAN,ALLOPATHIC FAMILY PHYSICIAN,MBBS,MADHYA PRADESH,BETUL
DR. AGRAWAL MANOJ,AYUSH DOCTOR,"BAMS, MD",MADHYA PRADESH,JABALPUR
DR. AGRAWAL MEENAKSHI,DENTAL SURGEON,BDS,MADHYA PRADESH,INDORE
DR. AGRAWAL MEETA,GYNAECOLOGIST,"MBBS, MD",MADHYA PRADESH,BHOPAL
DR. AGRAWAL MEHUL,SURGEON (MS GENERAL SURGERY),"MBBS, MS, FMAS",MADHYA PRADESH,BARWANI
DR. AGRAWAL MINAKSHI,GYNAECOLOGIST,"MBBS, MS, DGO",MADHYA PRADESH,SATNA
DR. AGRAWAL MITESH,DERMATOLOGIST,"MBBS, MD (SKIN & VD)",MADHYA PRADESH,INDORE
DR. AGRAWAL MOHAN,ALLOPATHIC FAMILY PHYSICIAN,MBBS,MADHYA PRADESH,BHIND
DR. AGRAWAL MOHAN LAL,ALLOPATHIC FAMILY PHYSICIAN,MBBS,MADHYA PRADESH,SHIVPURI
DR. AGRAWAL MONIKA,RADIOLOGIST,"MBBS, DMRD",MADHYA PRADESH,INDORE
DR. AGRAWAL MUDIT,OPHTHALMOLOGIST,"MBBS, MS",MADHYA PRADESH,JABALPUR
DR. AGRAWAL MUKESH,ALLOPATHIC FAMILY PHYSICIAN,MBBS,MADHYA PRADESH,JABALPUR
DR. AGRAWAL MUKESH,PHYSICIAN (MD MEDICINE),"MBBS, MD (MEDICINE)",CHHATTISGARH,SURGUJA
DR. AGRAWAL MURLI BABU,PAEDIATRICIAN,"MBBS, MD (PAEDIATRICS)",MADHYA PRADESH,INDORE
DR. AGRAWAL MURLI MANOHAR,PHYSICIAN (MD MEDICINE),"MBBS, MD (MEDICINE)",MADHYA PRADESH,DEWAS
DR. AGRAWAL N.K.,ENT SURGEON,"MBBS, DLO",MADHYA PRADESH,ANUPPUR
DR. AGRAWAL N.K.,PATHOLOGIST-MICROBIOLOGIST,"MBBS, DCP",MADHYA PRADESH,INDORE
DR. AGRAWAL N.L.,NON CLINICAL MD-MS,"MBBS, MS (ANATOMY)",MADHYA PRADESH,JABALPUR
DR. AGRAWAL N.P.,ALLOPATHIC FAMILY PHYSICIAN,MBBS,MADHYA PRADESH,BHOPAL
DR. AGRAWAL N.S.,DERMATOLOGIST,"MBBS, MD, DVD",MADHYA PRADESH,BHOPAL
DR. AGRAWAL NAMITA,GYNAECOLOGIST,"MBBS, DGO",MADHYA PRADESH,GWALIOR
DR. AGRAWAL NAMRATA,DENTAL SURGEON,"BDS, MDS",MADHYA PRADESH,INDORE
DR. AGRAWAL NAMRATA,GYNAECOLOGIST,"MBBS, MS (GYNAECOLOGY)",MADHYA PRADESH,GWALIOR
DR. AGRAWAL NAND KISHORE,ENT SURGEON,"MBBS, DLO, MS",MADHYA PRADESH,SHAHDOL
DR. AGRAWAL NARESH,PHYSICIAN (MD MEDICINE),"MBBS, MD (MEDICINE)",MADHYA PRADESH,GWALIOR
DR. AGRAWAL NARESH,OPHTHALMOLOGIST,"MBBS, DOMS",MADHYA PRADESH,MORENA
DR. AGRAWAL NAVEEN,ENT SURGEON,"MBBS, MS (ENT)",MADHYA PRADESH,INDORE
DR. AGRAWAL NAVEEN CHANDRA,ALLOPATHIC FAMILY PHYSICIAN,MBBS,MADHYA PRADESH,MANDLA
DR. AGRAWAL NAVNEET,ALLOPATHIC FAMILY PHYSICIAN,MBBS,MADHYA PRADESH,CHHATARPUR
DR. AGRAWAL NAVNEET,DENTAL SURGEON,"BDS, MDS",MADHYA PRADESH,INDORE
DR. AGRAWAL NAVNEET,ALLOPATHIC FAMILY PHYSICIAN,MBBS,MADHYA PRADESH,GWALIOR
DR. AGRAWAL NEELIMA,GYNAECOLOGIST,"MBBS, DGO",MADHYA PRADESH,BHOPAL
DR. AGRAWAL NEENA,GYNAECOLOGIST,"MBBS, MS, FICOG",MADHYA PRADESH,INDORE
DR. AGRAWAL NEERAJ KUMAR,DERMATOLOGIST,"MBBS, MD, DM (ENDOCRINOLOGY)",UTTAR PRADESH,VARANASI
DR. AGRAWAL NEETI,PAEDIATRICIAN,"MBBS, MD",MADHYA PRADESH,BHOPAL
DR. AGRAWAL NEHA,GYNAECOLOGIST,"MBBS, MS",MADHYA PRADESH,MORENA
DR. AGRAWAL NIDHI,ALLOPATHIC FAMILY PHYSICIAN,MBBS,MADHYA PRADESH,JABALPUR
DR. AGRAWAL NIDHISHA,ENT SURGEON,"MBBS, MS (ENT)",MADHYA PRADESH,GWALIOR
DR. AGRAWAL NIHIT,ALLOPATHIC FAMILY PHYSICIAN,MBBS,MADHYA PRADESH,JABALPUR
DR. AGRAWAL NINU,DENTAL SURGEON,BDS,MADHYA PRADESH,INDORE
DR. AGRAWAL NISHA,GYNAECOLOGIST,"MBBS, DGO",MADHYA PRADESH,REWA
DR. AGRAWAL NISHA RANI,GYNAECOLOGIST,"MBBS, MD (OBS AND GYNAE)",UTTAR PRADESH,VARANASI
DR. AGRAWAL NITESH,DERMATOLOGIST,"MBBS, MD",MADHYA PRADESH,RATLAM
DR. AGRAWAL NITIN,PAEDIATRIC SURGEON,"MBBS, MS, MCH (PAEDIATRIC SURGERY)",MADHYA PRADESH,UJJAIN
DR. AGRAWAL NITIN,PAEDIATRICIAN,"MBBS, MD (PAEDIATRICS)",GUJARAT,VADODARA
DR. AGRAWAL O.P.,PAEDIATRICIAN,"MBBS, DCH",MADHYA PRADESH,INDORE
DR. AGRAWAL O.P.,ENT SURGEON,"MBBS, MS (ENT)",MADHYA PRADESH,JHABUA
DR. AGRAWAL O.P.,OPHTHALMOLOGIST,"MBBS, DOMS, FCLI",MADHYA PRADESH,INDORE
DR. AGRAWAL O.P.,ALLOPATHIC FAMILY PHYSICIAN,MBBS,MADHYA PRADESH,KHARGONE
DR. AGRAWAL OM PRAKASH,ALLOPATHIC FAMILY PHYSICIAN,MBBS,MADHYA PRADESH,KHARGONE
DR. AGRAWAL P.,DENTAL SURGEON,"BDS, MDS",CHHATTISGARH,SURGUJA
DR. AGRAWAL P.C.,RADIOLOGIST,"MBBS, DMRE",MADHYA PRADESH,CHHATARPUR
DR. AGRAWAL P.D.,ALLOPATHIC FAMILY PHYSICIAN,MBBS,MADHYA PRADESH,JABALPUR
DR. AGRAWAL P.D.,PHYSICIAN (MD MEDICINE),"MBBS, MD (MEDICINE)",MADHYA PRADESH,GWALIOR
DR. AGRAWAL PANKAJ,PHYSICIAN (MD MEDICINE),"MBBS, MD (MEDICINE)",MADHYA PRADESH,BHOPAL
DR. AGRAWAL PARAG,PHYSICIAN (MD MEDICINE),"MBBS, MD (MEDICINE)",MADHYA PRADESH,INDORE
DR. AGRAWAL PARMANAND,ALLOPATHIC FAMILY PHYSICIAN,MBBS,MADHYA PRADESH,CHHINDWARA
DR. AGRAWAL PAWAN,PLASTIC COSMETIC SURGEON,"MBBS, MS, MCH",MADHYA PRADESH,JABALPUR
DR. AGRAWAL PAWAN,PHYSICIAN (MD MEDICINE),"MBBS, MD (MEDICINE)",MADHYA PRADESH,GWALIOR
DR. AGRAWAL PIYUSH,SURGEON (MS GENERAL SURGERY),"MBBS, MS, FAIS",MADHYA PRADESH,INDORE
DR. AGRAWAL PIYUSH,DENTAL SURGEON,"BDS, MDS",MADHYA PRADESH,INDORE
DR. AGRAWAL POOJA,ALLOPATHIC FAMILY PHYSICIAN,MBBS,MADHYA PRADESH,BHIND
DR. AGRAWAL POONAM,DENTAL SURGEON,BDS,MADHYA PRADESH,SEONI
DR. AGRAWAL POORNIMA,GYNAECOLOGIST,"MBBS, DGO",MADHYA PRADESH,HARDA
DR. AGRAWAL PRACHEER RANJAN,OPHTHALMOLOGIST,"MBBS, MS, FMRF",MADHYA PRADESH,NARSINGHPUR
DR. AGRAWAL PRADEEP,ALLOPATHIC FAMILY PHYSICIAN,MBBS,MADHYA PRADESH,JABALPUR
DR. AGRAWAL PRADEEP,DENTAL SURGEON,BDS,CHHATTISGARH,SURGUJA
DR. AGRAWAL PRADEEP KUMAR,ALLOPATHIC FAMILY PHYSICIAN,MBBS,MADHYA PRADESH,JABALPUR
DR. AGRAWAL PRADEEP KUMAR,DENTAL SURGEON,BDS,MADHYA PRADESH,JABALPUR
DR. AGRAWAL PRADEEP KUMAR,ORTHOPAEDIC SURGEON,"MBBS, D.ORTH",MADHYA PRADESH,CHHATARPUR
DR. AGRAWAL PRAKASH,OPHTHALMOLOGIST,"MBBS, MD, FICO, FRCS",MADHYA PRADESH,BHOPAL
DR. AGRAWAL PRAKASH C.,PHYSICIAN (MD MEDICINE),"MBBS, MD",MADHYA PRADESH,CHHINDWARA
DR. AGRAWAL PRAKASH CHANDRA,ALLOPATHIC FAMILY PHYSICIAN,MBBS,MADHYA PRADESH,HOSHANGABAD
DR. AGRAWAL PRAKASH CHANDRA,RADIOLOGIST,"MBBS, DMRE",MADHYA PRADESH,KHANDWA
DR. AGRAWAL PRASHANT,DENTAL SURGEON,BDS,MADHYA PRADESH,KATNI
DR. AGRAWAL PRASHANT,PATHOLOGIST-MICROBIOLOGIST,"MBBS, DCP",MADHYA PRADESH,DHAR
DR. AGRAWAL PRASHANT,SURGEON (MS GENERAL SURGERY),"MBBS, MS (GENERAL SURGERY)",MADHYA PRADESH,INDORE
DR. AGRAWAL PRATIMA,DENTAL SURGEON,BDS,MADHYA PRADESH,SATNA
DR. AGRAWAL PRAVEEN,ORTHOPAEDIC SURGEON,"MBBS, D.ORTHO.",MADHYA PRADESH,INDORE
DR. AGRAWAL PRAVEEN,RADIOLOGIST,"MBBS, DMRD",MADHYA PRADESH,INDORE
DR. AGRAWAL PREETHA,PHYSIOTHERAPIST,"BPT, MPT, MIAP",CHHATTISGARH,SURGUJA
DR. AGRAWAL PREETI,ENT SURGEON,"MBBS, DLO",MADHYA PRADESH,REWA
DR. AGRAWAL PREETI,GYNAECOLOGIST,"MBBS, MD (OBS & GYNAE)",MADHYA PRADESH,RATLAM
DR. AGRAWAL PREETI,ALLOPATHIC FAMILY PHYSICIAN,MBBS,MADHYA PRADESH,GWALIOR
DR. AGRAWAL PRITI,GYNAECOLOGIST,"MBBS, MS (GYNAECOLOGY)",MADHYA PRADESH,INDORE
DR. AGRAWAL PRITI,ALLOPATHIC FAMILY PHYSICIAN,MBBS,MADHYA PRADESH,RATLAM
DR. AGRAWAL PRIYANKA,PHYSICIAN (MD MEDICINE),"MBBS, MD",MADHYA PRADESH,REWA
DR. AGRAWAL PRYAG DATT,ORTHOPAEDIC SURGEON,"MBBS, MS",MADHYA PRADESH,SATNA
DR. AGRAWAL PULKIT,DENTAL SURGEON,BDS,MADHYA PRADESH,JABALPUR
DR. AGRAWAL PUNIT,DERMATOLOGIST,"MBBS, DVD",MADHYA PRADESH,SATNA
DR. AGRAWAL PURSHOTAM DAS,ALLOPATHIC FAMILY PHYSICIAN,MBBS,MADHYA PRADESH,HOSHANGABAD
DR. AGRAWAL PURUSHOTTAM DAS,ALLOPATHIC FAMILY PHYSICIAN,MBBS,MADHYA PRADESH,GWALIOR
DR. AGRAWAL PUSHPA,ANAESTHESIOLOGIST,"MBBS, DA",MADHYA PRADESH,INDORE
DR. AGRAWAL R.B.,ALLOPATHIC FAMILY PHYSICIAN,MBBS,MADHYA PRADESH,HOSHANGABAD
DR. AGRAWAL R.K.,DENTAL SURGEON,BDS,MADHYA PRADESH,INDORE
DR. AGRAWAL R.K.,PAEDIATRICIAN,"MBBS, MD (PAEDIATRICS)",MADHYA PRADESH,HOSHANGABAD
DR. AGRAWAL R.K.,ORTHOPAEDIC SURGEON,"MBBS, D.ORTHO",MADHYA PRADESH,BHIND
DR. AGRAWAL R.L.,ANAESTHESIOLOGIST,"MBBS, MD (ANAESTHESIA)",MADHYA PRADESH,DEWAS
DR. AGRAWAL R.M.,ANAESTHESIOLOGIST,"MBBS, MD (ANAESTHESIA)",MADHYA PRADESH,BURHANPUR
DR. AGRAWAL R.P.,ALLOPATHIC FAMILY PHYSICIAN,MBBS,MADHYA PRADESH,INDORE
DR. AGRAWAL R.R.,ORTHOPAEDIC SURGEON,"MBBS, D.ORTHO.",GUJARAT,VADODARA
DR. AGRAWAL RADHA,GYNAECOLOGIST,"MBBS, DGO",MADHYA PRADESH,BHIND
DR. AGRAWAL RADHA CHARAN,ORTHOPAEDIC SURGEON,"MBBS, D.ORTHO.",MADHYA PRADESH,GWALIOR
DR. AGRAWAL RADHIKA,DENTAL SURGEON,"BDS, MDS (PERIODONTICS)",MADHYA PRADESH,JABALPUR
DR. AGRAWAL RAGINI,GYNAECOLOGIST,"MBBS, MS (GYNAE)",HARYANA,GURGAON
DR. AGRAWAL RAHUL,SURGEON (MS GENERAL SURGERY),"MBBS, MS (GEN. SURG.)",MADHYA PRADESH,GWALIOR
DR. AGRAWAL RAHUL,MD PHYSICIAN (RUSSIA),MD-PHYSICIAN,MADHYA PRADESH,JABALPUR
DR. AGRAWAL RAHUL,OPHTHALMOLOGIST,"MBBS, MS",MADHYA PRADESH,BHOPAL
DR. AGRAWAL RAHUL,PAEDIATRICIAN,"MBBS, DNB, DCH, MNAMS",MADHYA PRADESH,BHOPAL
DR. AGRAWAL RAHUL,ENT SURGEON,"MBBS, DLO",MADHYA PRADESH,GWALIOR
DR. AGRAWAL RAJ KUMAR,GYNAECOLOGIST,"MBBS, MD",MADHYA PRADESH,SATNA
DR. AGRAWAL RAJENDRA,RADIOLOGIST,"MBBS, DMR",MADHYA PRADESH,JABALPUR
DR. AGRAWAL RAJENDRA,PAEDIATRICIAN,"MBBS, MD (PAEDIATRICS)",MADHYA PRADESH,INDORE
DR. AGRAWAL RAJENDRA,ALLOPATHIC FAMILY PHYSICIAN,MBBS,MADHYA PRADESH,INDORE
DR. AGRAWAL RAJENDRA K.,OPHTHALMOLOGIST,"MBBS, MS, FRF",MADHYA PRADESH,INDORE
DR. AGRAWAL RAJENDRA PRASAD,AYUSH DOCTOR,BAMS,MADHYA PRADESH,JABALPUR
DR. AGRAWAL RAJESH,ENT SURGEON,"MBBS, MS, DLO",MADHYA PRADESH,JABALPUR
DR. AGRAWAL RAJESH,PHYSICIAN (MD MEDICINE),"MBBS, MD (MEDICINE)",MADHYA PRADESH,INDORE
DR. AGRAWAL RAJESH,ENT SURGEON,"MBBS, MS (ENT)",MADHYA PRADESH,GWALIOR
DR. AGRAWAL RAJESH,PATHOLOGIST-MICROBIOLOGIST,MBBS MD,MADHYA PRADESH,GWALIOR
DR. AGRAWAL RAJIV M.,ANAESTHESIOLOGIST,"MBBS, MD (ANAESTHESIA)",MADHYA PRADESH,BURHANPUR
DR. AGRAWAL RAJKUMAR,ALLOPATHIC FAMILY PHYSICIAN,MBBS,MADHYA PRADESH,INDORE
DR. AGRAWAL RAJKUMAR,PATHOLOGIST-MICROBIOLOGIST,"MBBS, MD",MADHYA PRADESH,SATNA
DR. AGRAWAL RAJNI,GYNAECOLOGIST,"MBBS, MS (GYNAECOLOGY)",MADHYA PRADESH,GWALIOR
DR. AGRAWAL RAJNI,ALLOPATHIC FAMILY PHYSICIAN,MBBS,MADHYA PRADESH,INDORE
DR. AGRAWAL RAKESH,PAEDIATRICIAN,"MBBS, MD (PAEDIATRICS)",MADHYA PRADESH,SATNA
DR. AGRAWAL RAKESH,PAEDIATRICIAN,"MBBS, MD (PAEDIATRICS)",MADHYA PRADESH,INDORE
DR. AGRAWAL RAKESH,ALLOPATHIC FAMILY PHYSICIAN,MBBS,MADHYA PRADESH,UJJAIN
DR. AGRAWAL RAKESH,NEUROSURGEON,"MBBS, MS, MCH (NEURO SURGERY)",UTTAR PRADESH,AGRA
DR. AGRAWAL RAM KUMAR,AYUSH DOCTOR,"BAMS, MD (AM)",MADHYA PRADESH,JABALPUR
DR. AGRAWAL RAM NARESH,AYUSH DOCTOR,BAMS,MADHYA PRADESH,DATIA
DR. AGRAWAL RAMESH CHANDRA,NON CLINICAL MD-MS,"MBBS, MD (PHYSIOLOGY)",MADHYA PRADESH,JABALPUR
DR. AGRAWAL RAMESH CHANDRA,PAEDIATRICIAN,"MBBS, DCH",MADHYA PRADESH,SATNA
DR. AGRAWAL RAMESH CHANDRA,AYUSH DOCTOR,BAMS,MADHYA PRADESH,JABALPUR
DR. AGRAWAL RAMESH PRASHAD,AYUSH DOCTOR,BAMS,MADHYA PRADESH,CHHATARPUR
DR. AGRAWAL RASHMI,GYNAECOLOGIST,"MBBS, DGO",MADHYA PRADESH,SATNA
DR. AGRAWAL RASHMI,GYNAECOLOGIST,"MBBS, MS (GYNAECOLOGY)",MADHYA PRADESH,GWALIOR
DR. AGRAWAL RASHMI,AYUSH DOCTOR,"BAMS, PGDHM",MADHYA PRADESH,JABALPUR
DR. AGRAWAL RATAN LAL,ORTHOPAEDIC SURGEON,"MBBS, D.ORTHO.",MADHYA PRADESH,GWALIOR
DR. AGRAWAL RAVI,OPHTHALMOLOGIST,"MBBS, MS",MADHYA PRADESH,JABALPUR
DR. AGRAWAL RAVI,PHYSIOTHERAPIST,BPT,MADHYA PRADESH,REWA
DR. AGRAWAL RAVI,CHEST PHYSICIAN,"MBBS, DTCD",MADHYA PRADESH,INDORE
DR. AGRAWAL RAVI PRAKASH,PHYSICIAN (MD MEDICINE),"MBBS, MD",MADHYA PRADESH,SATNA
DR. AGRAWAL RAVINDRA,ALLOPATHIC FAMILY PHYSICIAN,MBBS,MADHYA PRADESH,INDORE
DR. AGRAWAL RAVINDRA KUMAR,AYUSH DOCTOR,BAMS,MADHYA PRADESH,JABALPUR
DR. AGRAWAL REEMA,PAEDIATRICIAN,"MBBS, MD",MADHYA PRADESH,JABALPUR
DR. AGRAWAL REHEB,ALLOPATHIC FAMILY PHYSICIAN,MBBS,CHHATTISGARH,SURGUJA
DR. AGRAWAL REKHA,RADIOLOGIST,"MBBS, MD",MADHYA PRADESH,JABALPUR
DR. AGRAWAL REKHA,ALLOPATHIC FAMILY PHYSICIAN,MBBS,MADHYA PRADESH,DEWAS
DR. AGRAWAL REKHA RANI,ALLOPATHIC FAMILY PHYSICIAN,MBBS,MADHYA PRADESH,MORENA
DR. AGRAWAL RENU,PHYSICIAN (MD MEDICINE),"MBBS, MD (MEDICINE)",CHHATTISGARH,SURGUJA
DR. AGRAWAL RICHA,GYNAECOLOGIST,"MBBS, DGO",MADHYA PRADESH,UJJAIN
DR. AGRAWAL RISHITA,ALLOPATHIC FAMILY PHYSICIAN,MBBS,MADHYA PRADESH,BHOPAL
DR. AGRAWAL RITESH,ORTHOPAEDIC SURGEON,"MBBS, D.ORTHO.",MADHYA PRADESH,BURHANPUR
DR. AGRAWAL RITESH,AYUSH DOCTOR,BAMS,MADHYA PRADESH,NARSINGHPUR
DR. AGRAWAL RITIKA,DENTAL SURGEON,BDS,MADHYA PRADESH,JABALPUR
DR. AGRAWAL RMA,ALLOPATHIC FAMILY PHYSICIAN,MBBS,MADHYA PRADESH,HARDA
DR. AGRAWAL ROHIT,DENTAL SURGEON,BDS,MADHYA PRADESH,SEONI
DR. AGRAWAL ROHIT,SURGEON (MS GENERAL SURGERY),"MBBS, MS",MADHYA PRADESH,INDORE
DR. AGRAWAL ROHIT,RADIOLOGIST,"MBBS, DMRD",MADHYA PRADESH,INDORE
DR. AGRAWAL ROHITA,GYNAECOLOGIST,"MBBS, MS, FMIS",MADHYA PRADESH,INDORE
DR. AGRAWAL ROLI,PATHOLOGIST-MICROBIOLOGIST,"MBBS, DNB (PATHOLOGY)",MADHYA PRADESH,INDORE
DR. AGRAWAL ROLLY,DENTAL SURGEON,"BDS, MDS",MADHYA PRADESH,INDORE
DR. AGRAWAL RUCHIRA,GYNAECOLOGIST,"MBBS, MD (OBS & GYN)",GUJARAT,VADODARA
DR. AGRAWAL RUNJHUN,DENTAL SURGEON,BDS,MADHYA PRADESH,REWA
DR. AGRAWAL RUPAL,DENTAL SURGEON,BDS,MADHYA PRADESH,INDORE
DR. AGRAWAL RUPESH,CHEST PHYSICIAN,"MBBS, DTCD",MADHYA PRADESH,INDORE
DR. AGRAWAL RUPESH,AYUSH DOCTOR,BAMS,MADHYA PRADESH,KHANDWA
DR. AGRAWAL S.,ALLOPATHIC FAMILY PHYSICIAN,MBBS,MADHYA PRADESH,GWALIOR
DR. AGRAWAL S.C.,ALLOPATHIC FAMILY PHYSICIAN,MBBS,MADHYA PRADESH,MORENA
DR. AGRAWAL S.C.,RADIOLOGIST,"MBBS, MD",MADHYA PRADESH,MORENA
DR. AGRAWAL S.K.,ALLOPATHIC FAMILY PHYSICIAN,MBBS,MADHYA PRADESH,INDORE
DR. AGRAWAL S.L.,ALLOPATHIC FAMILY PHYSICIAN,MBBS,MADHYA PRADESH,BHOPAL
DR. AGRAWAL S.M.,SURGEON (MS GENERAL SURGERY),"MBBS, MS (GENERAL SURGERY)",MADHYA PRADESH,MORENA
DR. AGRAWAL S.N.,AYUSH DOCTOR,BAMS,MADHYA PRADESH,SHAHDOL
DR. AGRAWAL S.R.,GYNAECOLOGIST,"MBBS, MS (GYNAECOLOGY)",MADHYA PRADESH,GWALIOR
DR. AGRAWAL SAKET,DENTAL SURGEON,"BDS, MDS (ORTHODONTICS)",MADHYA PRADESH,JABALPUR
DR. AGRAWAL SAMEER,PAEDIATRICIAN,"MBBS, DCH",MADHYA PRADESH,JABALPUR
DR. AGRAWAL SANDEEP,DENTAL SURGEON,"BDS, MDS (ORTHODONTICS)",MADHYA PRADESH,SATNA
DR. AGRAWAL SANDEEP,ORTHOPAEDIC SURGEON,"MBBS, MS, MCH (ORTHOPAEDICS)",MADHYA PRADESH,INDORE
DR. AGRAWAL SANDHYA,ALLOPATHIC FAMILY PHYSICIAN,MBBS,MADHYA PRADESH,GWALIOR
DR. AGRAWAL SANGEETA,ANAESTHESIOLOGIST,"MBBS, MD",MADHYA PRADESH,INDORE
DR. AGRAWAL SANGEETA,PAEDIATRICIAN,"MBBS, DCH, DCP",MADHYA PRADESH,INDORE
DR. AGRAWAL SANIL,DENTAL SURGEON,"BDS, MIDA",MADHYA PRADESH,JABALPUR
DR. AGRAWAL SANJAY,ENT SURGEON,"MBBS, MS, DLO",MADHYA PRADESH,INDORE
DR. AGRAWAL SANJAY,RADIOLOGIST,"MBBS, DMRD, FAGE",MADHYA PRADESH,DHAR
DR. AGRAWAL SANJAY,AYUSH DOCTOR,BAMS,MADHYA PRADESH,SATNA
DR. AGRAWAL SANJAY,RADIOLOGIST,"MBBS, DMRD, FAGE",MADHYA PRADESH,INDORE
DR. AGRAWAL SANJAY,AYUSH DOCTOR,BAMS,MADHYA PRADESH,INDORE
DR. AGRAWAL SANJAY KUMAR,SURGEON (MS GENERAL SURGERY),"MBBS, MS (GENERAL SURGERY)",MADHYA PRADESH,GWALIOR
DR. AGRAWAL SANJAY S.,PHYSICIAN (MD MEDICINE),"MBBS, MD (MEDICINE)",MADHYA PRADESH,BHOPAL
DR. AGRAWAL SANJEEV,ALLOPATHIC FAMILY PHYSICIAN,MBBS,MADHYA PRADESH,VIDISHA
DR. AGRAWAL SANTOSH,AYUSH DOCTOR,DHB,MADHYA PRADESH,BALAGHAT
DR. AGRAWAL SANTOSH,UROLOGIST,"MBBS, MS, MCH (UROLOGY)",MADHYA PRADESH,INDORE
DR. AGRAWAL SARIKA,ALLOPATHIC FAMILY PHYSICIAN,MBBS,MADHYA PRADESH,GUNA
DR. AGRAWAL SARIKA,PAEDIATRICIAN,"MBBS, DCH",MADHYA PRADESH,INDORE
DR. AGRAWAL SARITA,GYNAECOLOGIST,"MBBS, MS",MADHYA PRADESH,NARSINGHPUR
DR. AGRAWAL SARITA,GYNAECOLOGIST,"MBBS, DGO",MADHYA PRADESH,GWALIOR
DR. AGRAWAL SAROJ,GYNAECOLOGIST,"MBBS, DGO",MADHYA PRADESH,SATNA
DR. AGRAWAL SATISH,RADIOLOGIST,"MBBS, DMR",MADHYA PRADESH,JABALPUR
DR. AGRAWAL SATISH,PAEDIATRICIAN,"MBBS, DCH",MADHYA PRADESH,INDORE
DR. AGRAWAL SATISH,PAEDIATRICIAN,"MBBS, DCH",MADHYA PRADESH,KHANDWA
DR. AGRAWAL SATISH,AYUSH DOCTOR,"BAMS, MD (AYURVEDA)",MADHYA PRADESH,INDORE
DR. AGRAWAL SAURABH,PAEDIATRICIAN,"MBBS, MD (PAEDIATRICS)",MADHYA PRADESH,INDORE
DR. AGRAWAL SHAIFALI,PATHOLOGIST-MICROBIOLOGIST,"MBBS, MD (PATHOLOGY)",MADHYA PRADESH,GWALIOR
DR. AGRAWAL SHAILBALA,GYNAECOLOGIST,"MBBS, MS",MADHYA PRADESH,INDORE
DR. AGRAWAL SHAILBALA,SURGEON (MS GENERAL SURGERY),"MBBS, MS (GENERAL SURGERY)",MADHYA PRADESH,INDORE
DR. AGRAWAL SHALABH,OPHTHALMOLOGIST,"MBBS, MS, PHACO FELLOWSHIP",MADHYA PRADESH,JABALPUR
DR. AGRAWAL SHALINI,PAEDIATRICIAN,"MBBS, PGHHCM",MADHYA PRADESH,BHOPAL
DR. AGRAWAL SHALINI,GYNAECOLOGIST,"MBBS, DGO",GUJARAT,VADODARA
DR. AGRAWAL SHANU,GYNAECOLOGIST,"MBBS, DGO",MADHYA PRADESH,KATNI
DR. AGRAWAL SHARAD,SURGEON (MS GENERAL SURGERY),"MBBS, MS (OPHTHALMOLOGY)",MADHYA PRADESH,INDORE
DR. AGRAWAL SHARAD,PAEDIATRICIAN,"MBBS, DCH",MADHYA PRADESH,KHANDWA
DR. AGRAWAL SHASHANK,ORTHOPAEDIC SURGEON,"MBBS, MS",MADHYA PRADESH,BHOPAL
DR. AGRAWAL SHASHI,GYNAECOLOGIST,"MBBS, DGO, MD",MADHYA PRADESH,BHOPAL
DR. AGRAWAL SHASHI KANT,SURGEON (MS GENERAL SURGERY),"MBBS, MS, ATLS",MADHYA PRADESH,NARSINGHPUR
DR. AGRAWAL SHIKHA,PATHOLOGIST-MICROBIOLOGIST,"MBBS, MD",MADHYA PRADESH,KATNI
DR. AGRAWAL SHIKHA,PATHOLOGIST-MICROBIOLOGIST,"MBBS, MD",MADHYA PRADESH,SAGAR
DR. AGRAWAL SHIKHA,DENTAL SURGEON,BDS,MADHYA PRADESH,SAGAR
DR. AGRAWAL SHILPI,DENTAL SURGEON,BDS,MADHYA PRADESH,SHAHDOL
DR. AGRAWAL SHOBHA,ENT SURGEON,"MBBS, MS",MADHYA PRADESH,JABALPUR
DR. AGRAWAL SHOBHA,GYNAECOLOGIST,"MBBS, DGO",MADHYA PRADESH,JABALPUR
DR. AGRAWAL SHRADDHA,GYNAECOLOGIST,"MBBS, MD",MADHYA PRADESH,BHOPAL
DR. AGRAWAL SHRADDHA,ALLOPATHIC FAMILY PHYSICIAN,MBBS,MADHYA PRADESH,MORENA
DR. AGRAWAL SHRIKANT,AYUSH DOCTOR,BHMS,MADHYA PRADESH,NARSINGHPUR
DR. AGRAWAL SHRUTI S.,GYNAECOLOGIST,"MBBS, MS (GYNAE)",MADHYA PRADESH,JABALPUR
DR. AGRAWAL SHUBHALI,PHYSIOTHERAPIST,BPT,MADHYA PRADESH,JABALPUR
DR. AGRAWAL SHYAM,UROLOGIST,"MBBS, MS, DNB (UROLOGY), MNAMS",MADHYA PRADESH,INDORE
DR. AGRAWAL SHYAM,ONCOLOGIST-MEDICAL,"MBBS, MD, DM (ONCOLOGY)",MADHYA PRADESH,BHOPAL
DR. AGRAWAL SHYAM,ALLOPATHIC FAMILY PHYSICIAN,MBBS,MADHYA PRADESH,GWALIOR
DR. AGRAWAL SMITA,ALLOPATHIC FAMILY PHYSICIAN,MBBS,MADHYA PRADESH,REWA
DR. AGRAWAL SMITA ARUN,PSYCHIATRIST,"MBBS, MD, DPM, FIPS",MADHYA PRADESH,INDORE
DR. AGRAWAL SNEH,ALLOPATHIC FAMILY PHYSICIAN,MBBS,MADHYA PRADESH,GUNA
DR. AGRAWAL SNEH,DENTAL SURGEON,BDS,MADHYA PRADESH,INDORE
DR. AGRAWAL SONALI,GYNAECOLOGIST,"MBBS, DGO",MADHYA PRADESH,GWALIOR
DR. AGRAWAL SOURABH,DENTAL SURGEON,BDS,MADHYA PRADESH,CHHATARPUR
DR. AGRAWAL SUBHAS,ALLOPATHIC FAMILY PHYSICIAN,MBBS,MADHYA PRADESH,INDORE
DR. AGRAWAL SUBHASH,ALLOPATHIC FAMILY PHYSICIAN,MBBS,MADHYA PRADESH,MORENA
DR. AGRAWAL SUBHASH,DENTAL SURGEON,BDS,MADHYA PRADESH,CHHATARPUR
DR. AGRAWAL SUBHASH,AYUSH DOCTOR,BAMS,MADHYA PRADESH,JABALPUR
DR. AGRAWAL SUBHASH,SURGEON (MS GENERAL SURGERY),"MBBS, MS (GENERAL SURGERY), FRCS",MADHYA PRADESH,INDORE
DR. AGRAWAL SUBHASH,ALLOPATHIC FAMILY PHYSICIAN,MBBS,MADHYA PRADESH,RATLAM
DR. AGRAWAL SUBHASH KUMAR,PAEDIATRICIAN,"MBBS, DCH, MD (ANAESTHESIA)",MADHYA PRADESH,REWA
DR. AGRAWAL SUBHASH KUMAR,PHYSICIAN (MD MEDICINE),"MBBS, MD",MADHYA PRADESH,REWA
DR. AGRAWAL SUCHITA,OPHTHALMOLOGIST,"MBBS, MS (OPHTHALMOLOGY)",MADHYA PRADESH,SATNA
DR. AGRAWAL SUCHITRA,PAEDIATRICIAN,"MBBS, DCH",MADHYA PRADESH,SATNA
DR. AGRAWAL SUDEEP KUMAR,ORTHOPAEDIC SURGEON,"MBBS, D.ORTH",MADHYA PRADESH,SATNA
DR. AGRAWAL SUDHA,OPHTHALMOLOGIST,"MBBS, DOMS",MADHYA PRADESH,INDORE
DR. AGRAWAL SUDHA,PAEDIATRICIAN,"MBBS, DCH",MADHYA PRADESH,INDORE
DR. AGRAWAL SUDHIR,PAEDIATRICIAN,"MBBS, DCH",MADHYA PRADESH,VIDISHA
DR. AGRAWAL SUDHIR,CHEST PHYSICIAN,"MBBS, DTCD",MADHYA PRADESH,INDORE
DR. AGRAWAL SUMAN,ALLOPATHIC FAMILY PHYSICIAN,"MBBS, MD",MADHYA PRADESH,INDORE
DR. AGRAWAL SUMAN,CHEST PHYSICIAN,"MBBS, MD, DTCD",MADHYA PRADESH,INDORE
DR. AGRAWAL SUMIT,SURGEON (MS GENERAL SURGERY),"MBBS, MS (GENERAL SURGERY)",MADHYA PRADESH,SATNA
DR. AGRAWAL SUNEETA,GYNAECOLOGIST,"MBBS, MS",MADHYA PRADESH,INDORE
DR. AGRAWAL SUNIL,ENT SURGEON,"MBBS, DLO",MADHYA PRADESH,INDORE
DR. AGRAWAL SUNIL,ORTHOPAEDIC SURGEON,"MBBS, MS (ORTHOPAEDIC)",MADHYA PRADESH,GWALIOR
DR. AGRAWAL SUNIL,SURGEON (MS GENERAL SURGERY),"MBBS, MS (GENERAL SURGERY)",MADHYA PRADESH,MORENA
DR. AGRAWAL SUNIL,SURGEON (MS GENERAL SURGERY),"MBBS, MS",MADHYA PRADESH,SATNA
DR. AGRAWAL SUNIL,AYUSH DOCTOR,BHMS,MADHYA PRADESH,SATNA
DR. AGRAWAL SUNIL,PHYSIOTHERAPIST,"BPT, MIAP, PGDHM",CHHATTISGARH,SURGUJA
DR. AGRAWAL SUNIL KUMAR,PATHOLOGIST-MICROBIOLOGIST,"MBBS, MD, DNB (MEDICINE)",MADHYA PRADESH,SEONI
DR. AGRAWAL SUNIL KUMAR,PAEDIATRICIAN,"MBBS, MD (PAEDIATRICS)",MADHYA PRADESH,GWALIOR
DR. AGRAWAL SUNILA,ALLOPATHIC FAMILY PHYSICIAN,MBBS,MADHYA PRADESH,INDORE
DR. AGRAWAL SUNITA,OPHTHALMOLOGIST,"MBBS, DOMS",MADHYA PRADESH,INDORE
DR. AGRAWAL SUNITA,SURGEON (MS GENERAL SURGERY),"MBBS, MS (GENERAL SURGERY)",MADHYA PRADESH,GWALIOR
DR. AGRAWAL SURENDRA,OPHTHALMOLOGIST,"MBBS, MS",MADHYA PRADESH,JABALPUR
DR. AGRAWAL SURESH,ALLOPATHIC FAMILY PHYSICIAN,MBBS,MADHYA PRADESH,INDORE
DR. AGRAWAL SURESH,ALLOPATHIC FAMILY PHYSICIAN,MBBS,MADHYA PRADESH,INDORE
DR. AGRAWAL SURESH,PAEDIATRICIAN,"MBBS, DMCH",MADHYA PRADESH,SHAJAPUR
DR. AGRAWAL SURESH,ALLOPATHIC FAMILY PHYSICIAN,MBBS,MADHYA PRADESH,MORENA
DR. AGRAWAL SURYAPRAKASH,DENTAL SURGEON,BDS,MADHYA PRADESH,INDORE
DR. AGRAWAL SUSHEEL,ENT SURGEON,"MBBS, DLO",MADHYA PRADESH,INDORE
DR. AGRAWAL SUSHMITA,ALLOPATHIC FAMILY PHYSICIAN,MBBS,MADHYA PRADESH,INDORE
DR. AGRAWAL SWAPNIL,SURGEON (MS GENERAL SURGERY),"MBBS, MS",MADHYA PRADESH,BARWANI
DR. AGRAWAL SWAPNIL,PSYCHIATRIST,"MBBS, MD",MADHYA PRADESH,JABALPUR
DR. AGRAWAL SWAPNIL,PAEDIATRICIAN,"MBBS, MD (PAEDIATRICS)",MADHYA PRADESH,INDORE
DR. AGRAWAL SWATI,ALLOPATHIC FAMILY PHYSICIAN,MBBS,MADHYA PRADESH,JABALPUR
DR. AGRAWAL SWATI,GYNAECOLOGIST,"MBBS, MS (GYNAECOLOGY)",MADHYA PRADESH,GWALIOR
DR. AGRAWAL SWATI,PHYSIOTHERAPIST,BPT,MADHYA PRADESH,JABALPUR
DR. AGRAWAL SWATI,ALLOPATHIC FAMILY PHYSICIAN,MBBS,MADHYA PRADESH,GWALIOR
DR. AGRAWAL SWATI,PHYSIOTHERAPIST,BPT,MADHYA PRADESH,BHOPAL
DR. AGRAWAL TEENA,ALLOPATHIC FAMILY PHYSICIAN,MBBS,CHHATTISGARH,BASTAR
DR. AGRAWAL TEENA,OPHTHALMOLOGIST,"MBBS, MS (OPHTHALMOLOGY)",MADHYA PRADESH,INDORE
DR. AGRAWAL TRILOK CHAND,PLASTIC COSMETIC SURGEON,"MBBS, MS, MCH (PLASTIC SURGERY)",MADHYA PRADESH,GWALIOR
DR. AGRAWAL U.R.,PHYSICIAN (MD MEDICINE),"MBBS, MD (MEDICINE)",MADHYA PRADESH,GWALIOR
DR. AGRAWAL UMESH,CARDIOLOGIST,"MBBS, MD, DM (CARDIOLOGY)",MADHYA PRADESH,JABALPUR
DR. AGRAWAL UMESH,DERMATOLOGIST,"MBBS, DVD",MADHYA PRADESH,RATLAM
DR. AGRAWAL USHA,ALLOPATHIC FAMILY PHYSICIAN,MBBS,MADHYA PRADESH,DINDORI
DR. AGRAWAL USHA,ALLOPATHIC FAMILY PHYSICIAN,MBBS,MADHYA PRADESH,INDORE
DR. AGRAWAL USHA,ALLOPATHIC FAMILY PHYSICIAN,MBBS,MADHYA PRADESH,BHIND
DR. AGRAWAL USHAKIRAN,GYNAECOLOGIST,"MBBS, HOUSE JOB IN GYNAE",MADHYA PRADESH,JABALPUR
DR. AGRAWAL V.K.,SURGEON (MS GENERAL SURGERY),"MBBS, MS, FICS, FACS",MADHYA PRADESH,INDORE
DR. AGRAWAL V.V.,CARDIOLOGIST,"MBBS, MD, DM (CARDIOLOGY)",RAJASTHAN,JAIPUR
DR. AGRAWAL VAIBHAV,ALLOPATHIC FAMILY PHYSICIAN,MBBS,MADHYA PRADESH,BHIND
DR. AGRAWAL VANDANA,GYNAECOLOGIST,"MBBS, DGO, DNB",MADHYA PRADESH,BHOPAL
DR. AGRAWAL VANDNA,ALLOPATHIC FAMILY PHYSICIAN,MBBS,MADHYA PRADESH,BHOPAL
DR. AGRAWAL VANMALA,ALLOPATHIC FAMILY PHYSICIAN,MBBS,MADHYA PRADESH,GWALIOR
DR. AGRAWAL VEENA,GYNAECOLOGIST,"MBBS, MS (GYNAECOLOGY)",MADHYA PRADESH,GWALIOR
DR. AGRAWAL VENKATESH,SURGEON (MS GENERAL SURGERY),"MBBS, MS",MADHYA PRADESH,SATNA
DR. AGRAWAL VENUS,PHYSIOTHERAPIST,BPT,MADHYA PRADESH,REWA
DR. AGRAWAL VIBHA,GYNAECOLOGIST,"MBBS, DGO",MADHYA PRADESH,GWALIOR
DR. AGRAWAL VIDHA,PAEDIATRICIAN,"MBBS, DCH",MADHYA PRADESH,INDORE
DR. AGRAWAL VIDHYA,PAEDIATRICIAN,"MBBS, MD",MADHYA PRADESH,INDORE
DR. AGRAWAL VIJAY,PATHOLOGIST-MICROBIOLOGIST,"MBBS, MD (PATHOLOGY)",MADHYA PRADESH,UJJAIN
DR. AGRAWAL VIJAY,PHYSICIAN (MD MEDICINE),"MBBS, MD (MEDICINE)",MADHYA PRADESH,KHANDWA
DR. AGRAWAL VIJAY,PAEDIATRICIAN,"MBBS, DCH",CHHATTISGARH,SURGUJA
DR. AGRAWAL VIJAY KUMAR,CARDIOLOGIST,"MBBS, MD, DM",MADHYA PRADESH,INDORE
DR. AGRAWAL VIKAS,PHYSICIAN (MD MEDICINE),"MBBS, MD",MADHYA PRADESH,GWALIOR
DR. AGRAWAL VIKASH,ORTHOPAEDIC SURGEON,"MBBS, D.ORTHO.",CHHATTISGARH,SURGUJA
DR. AGRAWAL VIKESH,PAEDIATRIC SURGEON,"MBBS, MS, MCH, FELLOWSHIP IN UROLOGY (USA)",MADHYA PRADESH,JABALPUR
DR. AGRAWAL VIMAL KUMAR,SURGEON (MS GENERAL SURGERY),"MBBS, MS (GENERAL SURGERY)",RAJASTHAN,KOTA
DR. AGRAWAL VIMMI,PATHOLOGIST-MICROBIOLOGIST,"MBBS, DPB, MD (PHARMACOLOGY)",MADHYA PRADESH,JABALPUR
DR. AGRAWAL VINEETA,GYNAECOLOGIST,"MBBS, MS",MADHYA PRADESH,DHAR
DR. AGRAWAL VINITA,GYNAECOLOGIST,"MBBS, MS, DNB (GYNAE)",MADHYA PRADESH,INDORE
DR. AGRAWAL VINITA,PAEDIATRICIAN,"MBBS, DCH",MADHYA PRADESH,DHAR
DR. AGRAWAL VINOD KUMAR,ALLOPATHIC FAMILY PHYSICIAN,MBBS,MADHYA PRADESH,SATNA
DR. AGRAWAL VIPUL,ANAESTHESIOLOGIST,"MBBS, MD (PMR, AIIMS)",MADHYA PRADESH,INDORE
DR. AGRAWAL VIRENDRA,PHYSICIAN (MD MEDICINE),"MBBS, MD (MEDICINE)",MADHYA PRADESH,HARDA
DR. AGRAWAL VISHAL,AYUSH DOCTOR,BHMS,MADHYA PRADESH,JABALPUR
DR. AGRAWAL VISHAL,DERMATOLOGIST,"MBBS, MD (SKIN & VD)",MADHYA PRADESH,INDORE
DR. AGRAWAL VISHESH,PHYSICIAN (MD MEDICINE),"MBBS, MD (MEDICINE), FCCS",MADHYA PRADESH,INDORE
DR. AGRAWAL VIVEK,ORTHOPAEDIC SURGEON,"MBBS, MS (ORTHOPAEDICS)",GUJARAT,VADODARA
DR. AGRAWAL Y.S.,SURGEON (MS GENERAL SURGERY),"MBBS, MS (GENERAL SURGERY)",MADHYA PRADESH,GUNA
DR. AGRAWAL YOGENDRA,PAEDIATRICIAN,"MBBS, DCH",CHHATTISGARH,SURGUJA
DR. AGRAWAL YOGENDRA DEEP,OPHTHALMOLOGIST,"MBBS, MS",MADHYA PRADESH,ASHOK NAGAR
DR. AGRAWAL YOGESH,ENT SURGEON,"MBBS, MS",MADHYA PRADESH,SEONI
DR. AGRAWAL YOGESH,ALLOPATHIC FAMILY PHYSICIAN,MBBS,MADHYA PRADESH,MORENA
DR. AGRAWAL YOGESH,ORTHOPAEDIC SURGEON,"MBBS, D.ORTHO., DNB (ORTHOPAEDIC)",MADHYA PRADESH,INDORE
DR. AGRAWAL YOGESH,ANAESTHESIOLOGIST,"MBBS, DA",GUJARAT,VADODARA
DR. AGRAWAL YOGESH NEENA,GYNAECOLOGIST,"MBBS, MS (GYNAECOLOGY)",MADHYA PRADESH,INDORE
DR. AGRAWALA RITESH KUMAR,ENDOCRINOLOGIST,"MBBS, MD (MEDICINE), DM (ENDOCRINOLOGY)",ODISHA,KHORDHA
DR. AGRAWANI PANKAJ,DENTAL SURGEON,BDS,MADHYA PRADESH,SIDHI
DR. AGRAWAT MEHUL,GASTRO SURGEON,"MBBS, MS",GUJARAT,VADODARA
DR. AGRAWAT MEHUL D.,SURGEON (MS GENERAL SURGERY),"MBBS, MS",MADHYA PRADESH,BHOPAL
DR. AGRWAL ANIL,ORTHOPAEDIC SURGEON,"MBBS, MS, AO FELLOW",MADHYA PRADESH,INDORE
DR. AGWAN MUSHTAQ AHAMED,AYUSH DOCTOR,BAMS,MADHYA PRADESH,NEEMUCH
DR. AGWAN MUZMIL AHEMAD,AYUSH DOCTOR,BUMS,MADHYA PRADESH,NEEMUCH
DR. AHARWAL NEETA,GYNAECOLOGIST,"MBBS, DGO",MADHYA PRADESH,JABALPUR
DR. AHARWAL SUSHMA,RADIOLOGIST,"MBBS, MD",MADHYA PRADESH,JABALPUR
DR. AHARWAL TARUN,OPHTHALMOLOGIST,"MBBS, MS",MADHYA PRADESH,MANDLA
DR. AHARWAR K.S.,ALLOPATHIC FAMILY PHYSICIAN,MBBS,MADHYA PRADESH,BETUL
DR. AHEMAD RAFIQUE,AYUSH DOCTOR,DHB,MADHYA PRADESH,BHOPAL
DR. AHER AMOL,ONCOLOGIST-SURGICAL,"MBBS, MS, MCH (ONCO SURGERY)",MAHARASHTRA,NASHIK
DR. AHIRE SANJAY,ONCOLOGIST-SURGICAL,"MBBS, MS, MCH (ONCO SURGERY)",MAHARASHTRA,NASHIK
DR. AHIRKAR SEEMA,ALLOPATHIC FAMILY PHYSICIAN,MBBS,MADHYA PRADESH,INDORE
DR. AHIRWAL,ALLOPATHIC FAMILY PHYSICIAN,MBBS,MADHYA PRADESH,KHARGONE
DR. AHIRWAL B.P.,ORTHOPAEDIC SURGEON,"MBBS, D.ORTHO",MADHYA PRADESH,DAMOH
DR. AHIRWAL G.P.,AYUSH DOCTOR,BAMS,MADHYA PRADESH,DAMOH
DR. AHIRWAL KAMLESH,PAEDIATRICIAN,MD,MADHYA PRADESH,PANNA
DR. AHIRWAL L.L.,AYUSH DOCTOR,"BAMS, MD (AM)",MADHYA PRADESH,JABALPUR
DR. AHIRWAL M.L.,PHYSICIAN (MD MEDICINE),"MBBS, MD (MEDICINE)",MADHYA PRADESH,BHOPAL
DR. AHIRWAR ANAND,ALLOPATHIC FAMILY PHYSICIAN,MBBS,MADHYA PRADESH,KATNI
DR. AHIRWAR B.L.,ALLOPATHIC FAMILY PHYSICIAN,MBBS,MADHYA PRADESH,KHANDWA
DR. AHIRWAR BALDEV PRASAD,ALLOPATHIC FAMILY PHYSICIAN,MBBS,MADHYA PRADESH,CHHATARPUR
DR. AHIRWAR BHARAT LAL,PAEDIATRICIAN,"MBBS, MD",MADHYA PRADESH,BHOPAL
DR. AHIRWAR C.L.,PAEDIATRICIAN,"MBBS, DCH, DHPM",MADHYA PRADESH,JABALPUR
DR. AHIRWAR CHANDRAKANT,AYUSH DOCTOR,BAMS,MADHYA PRADESH,SAGAR
DR. AHIRWAR DEVENDRA,ALLOPATHIC FAMILY PHYSICIAN,MBBS,MADHYA PRADESH,KATNI
DR. AHIRWAR DEVENDRA,PHYSICIAN (MD MEDICINE),"MBBS, MD",MADHYA PRADESH,SAGAR
DR. AHIRWAR DILIP,PHYSICIAN (MD MEDICINE),"MBBS, MD",MADHYA PRADESH,NARSINGHPUR
DR. AHIRWAR DILIP,PHYSIOTHERAPIST,BPT,MADHYA PRADESH,INDORE
DR. AHIRWAR DILIP KUMAR,ALLOPATHIC FAMILY PHYSICIAN,MBBS,MADHYA PRADESH,MANDLA
DR. AHIRWAR DINESH,AYUSH DOCTOR,BAMS,MADHYA PRADESH,BHOPAL
DR. AHIRWAR GAJENDRA,AYUSH DOCTOR,"BAMS, FISCA",MADHYA PRADESH,SEONI
DR. AHIRWAR GANPATI LAL,OPHTHALMOLOGIST,"MBBS, MS",MADHYA PRADESH,CHHATARPUR
DR. AHIRWAR K.L.,ALLOPATHIC FAMILY PHYSICIAN,MBBS,MADHYA PRADESH,SHAHDOL
DR. AHIRWAR KALPANA,ALLOPATHIC FAMILY PHYSICIAN,MBBS,MADHYA PRADESH,BHOPAL
DR. AHIRWAR KIRAN,ALLOPATHIC FAMILY PHYSICIAN,MBBS,MADHYA PRADESH,MANDLA
DR. AHIRWAR KIRAN,PAEDIATRICIAN,"MBBS, DMCH",MADHYA PRADESH,NARSINGHPUR
DR. AHIRWAR LAKHAN LAL,ALLOPATHIC FAMILY PHYSICIAN,MBBS,MADHYA PRADESH,CHHATARPUR
DR. AHIRWAR M.L.,PHYSICIAN (MD MEDICINE),"MBBS, MD",MADHYA PRADESH,RAISEN
DR. AHIRWAR MUKESH,PAEDIATRICIAN,"MBBS, DCH",MADHYA PRADESH,SEONI
DR. AHIRWAR N.K.,ALLOPATHIC FAMILY PHYSICIAN,MBBS,MADHYA PRADESH,HOSHANGABAD
DR. AHIRWAR R.R.,ALLOPATHIC FAMILY PHYSICIAN,MBBS,MADHYA PRADESH,BETUL
DR. AHIRWAR RAJKUMAR,ANAESTHESIOLOGIST,"MBBS, MD",MADHYA PRADESH,DAMOH
DR. AHIRWAR RAM RATAN,ALLOPATHIC FAMILY PHYSICIAN,"MBBS, DBH (BACTERIA HEALTH)",MADHYA PRADESH,JABALPUR
DR. AHIRWAR S,AYUSH DOCTOR,BAMS,MADHYA PRADESH,HOSHANGABAD
DR. AHIRWAR S.C.,ALLOPATHIC FAMILY PHYSICIAN,MBBS,MADHYA PRADESH,RAISEN
DR. AHIRWAR SANDEEP K.,ALLOPATHIC FAMILY PHYSICIAN,MBBS,MADHYA PRADESH,REWA
DR. AHIRWAR SANJAY,PAEDIATRICIAN,"MBBS, MD (PAEDIATRICS)",MADHYA PRADESH,INDORE
DR. AHIRWAR SANJEET,ALLOPATHIC FAMILY PHYSICIAN,MBBS,MADHYA PRADESH,BETUL
DR. AHIRWAR SATISH KUMAR,ALLOPATHIC FAMILY PHYSICIAN,MBBS,MADHYA PRADESH,CHHATARPUR
DR. AHIRWAR SHIKHA,ALLOPATHIC FAMILY PHYSICIAN,MBBS,MADHYA PRADESH,KATNI
DR. AHIRWAR SULOCHNA,AYUSH DOCTOR,BAMS,MADHYA PRADESH,JABALPUR
DR. AHIRWAR SURAJ PRASAD,OPHTHALMOLOGIST,"MBBS, DOMS",MADHYA PRADESH,NARSINGHPUR
DR. AHIRWAR VIRENDRA KUMAR,ALLOPATHIC FAMILY PHYSICIAN,MBBS,MADHYA PRADESH,MORENA
DR. AHLUWALIA CHARANJEET SINGH,OPHTHALMOLOGIST,"MBBS, MS (OPHTHAL)",RAJASTHAN,AJMER
DR. AHLUWALIA GURVINDER,ALLOPATHIC FAMILY PHYSICIAN,MBBS,MADHYA PRADESH,JABALPUR
DR. AHLUWALIA H.S.,ALLOPATHIC FAMILY PHYSICIAN,MBBS,MADHYA PRADESH,DHAR
DR. AHLUWALIA J.K.,GYNAECOLOGIST,"MBBS, DGO",MADHYA PRADESH,JABALPUR
DR. AHLUWALIA NAVJOT SINGH,OPHTHALMOLOGIST,"MBBS, MS",MADHYA PRADESH,SATNA
DR. AHLUWALIA R.D.S.,PHYSICIAN (MD MEDICINE),"MBBS, MD",MADHYA PRADESH,JABALPUR
DR. AHLUWALIA VANI,ALLOPATHIC FAMILY PHYSICIAN,MBBS,MADHYA PRADESH,JABALPUR
DR. AHLUWLIA ASHA SINGH,ANAESTHESIOLOGIST,"MBBS, DA",MADHYA PRADESH,INDORE
DR. AHMAD JAHEER,PAEDIATRICIAN,"MBBS, MD, DCH",MADHYA PRADESH,BHOPAL
DR. AHMAD JAMEEL,ALLOPATHIC FAMILY PHYSICIAN,MBBS,MADHYA PRADESH,BHOPAL
DR. AHMAD MUQEEM,ALLOPATHIC FAMILY PHYSICIAN,MBBS,MADHYA PRADESH,HOSHANGABAD
DR. AHMAD RAFID,AYUSH DOCTOR,DHB,MADHYA PRADESH,BHOPAL
DR. AHMAD ZAMEEL,AYUSH DOCTOR,BHMS,BIHAR,MUZAFFARPUR
DR. AHMAD ZAMIRUDDIN,ORTHOPAEDIC SURGEON,"MBBS, D.ORTHO",BIHAR,PATNA
DR. AHMED ASMA,DENTAL SURGEON,BDS,MADHYA PRADESH,BHOPAL
DR. AHMED AZIAZ,PSYCHIATRIST,"MBBS, MD (PSYCHIATRY)",UTTAR PRADESH,SAHARANPUR
DR. AHMED FARID,ALLOPATHIC FAMILY PHYSICIAN,MBBS,MADHYA PRADESH,UJJAIN
DR. AHMED FIROZA,SURGEON (MS GENERAL SURGERY),"MBBS, MS",MADHYA PRADESH,BHOPAL
DR. AHMED GUFRAAH,PAEDIATRICIAN,"MBBS, DCH",MADHYA PRADESH,BHOPAL
DR. AHMED ISRAR,ALLOPATHIC FAMILY PHYSICIAN,MBBS,MADHYA PRADESH,DHAR
DR. AHMED JUBER,NON CLINICAL MD-MS,"MBBS, MD (BIOCHEMISTRY)",RAJASTHAN,KOTA
DR. AHMED JUJER,ORTHOPAEDIC SURGEON,"MBBS, D.ORTHO., DNB (ORTHOPAEDIC)",MADHYA PRADESH,INDORE
DR. AHMED M.,ORTHOPAEDIC SURGEON,"MBBS, D.ORTHO",BIHAR,BEGUSARAI
DR. AHMED M.A.,SURGEON (MS GENERAL SURGERY),"MBBS, MS (GENERAL SURGERY)",MADHYA PRADESH,GWALIOR
DR. AHMED M.D.,AYUSH DOCTOR,DHMS,MADHYA PRADESH,BALAGHAT
DR. AHMED MARGOOB MUSHTAQ,PSYCHIATRIST,"MBBS, MD (PSYCHIATRY)",JAMMU AND KASHMIR,SRINAGAR
DR. AHMED MUQEEM,ALLOPATHIC FAMILY PHYSICIAN,MBBS,MADHYA PRADESH,SEHORE
DR. AHMED NAZIA,ALLOPATHIC FAMILY PHYSICIAN,MBBS,MADHYA PRADESH,BHOPAL
DR. AHMED NISAR,PAEDIATRICIAN,"MBBS, MD",MADHYA PRADESH,SHIVPURI
DR. AHMED SABA,ANAESTHESIOLOGIST,"MBBS, MD (ANAESTHESIA)",MADHYA PRADESH,GWALIOR
DR. AHMED SAGEER,CARDIOLOGIST,"MBBS, MD (MEDICINE), DM (CARDIOLOGY)",MADHYA PRADESH,INDORE
DR. AHMED SARFARAZ,PATHOLOGIST-MICROBIOLOGIST,"MBBS, MD (PATHOLOGY)",MADHYA PRADESH,BHOPAL
DR. AHMED SHAKEEL,OPHTHALMOLOGIST,"MBBS, DOMS",MADHYA PRADESH,INDORE
DR. AHMED SHAKIL,AYUSH DOCTOR,DHMS,MADHYA PRADESH,BALAGHAT
DR. AHMED SHAMIM,PSYCHIATRIST,"MBBS, MD (PSYCHIATRY)",UTTARAKHAND,HARIDWAR
DR. AHMED SUHAIL,ALLOPATHIC FAMILY PHYSICIAN,MBBS,MADHYA PRADESH,BURHANPUR
DR. AHUJA AJIT,RADIOLOGIST,"MBBS, MD (RADIOLOGY)",MADHYA PRADESH,INDORE
DR. AHUJA ANAND,CARDIOLOGIST,"MBBS, MD, DNB (CARDIOLOGY)",GUJARAT,VADODARA
DR. AHUJA ANAND S.,PHYSICIAN (MD MEDICINE),"MBBS, MD (MEDICINE)",GUJARAT,VADODARA
DR. AHUJA ASHWINI,GYNAECOLOGIST,"MBBS, DGO",MADHYA PRADESH,GWALIOR
DR. AHUJA BALDEV RAJ,ALLOPATHIC FAMILY PHYSICIAN,MBBS,UTTAR PRADESH,AGRA
DR. AHUJA BHUPENDRA,ALLOPATHIC FAMILY PHYSICIAN,MBBS,UTTAR PRADESH,AGRA
DR. AHUJA D.K.,ALLOPATHIC FAMILY PHYSICIAN,MBBS,MADHYA PRADESH,REWA
DR. AHUJA DAIZY,GYNAECOLOGIST,"MBBS, DGO",MADHYA PRADESH,GWALIOR
DR. AHUJA H.S.,ALLOPATHIC FAMILY PHYSICIAN,MBBS,MADHYA PRADESH,HOSHANGABAD
DR. AHUJA HARISH CHANDRA,ALLOPATHIC FAMILY PHYSICIAN,MBBS,MADHYA PRADESH,JABALPUR
DR. AHUJA JAGAT SINGH,AYUSH DOCTOR,"BAMS, MD (AM)",MADHYA PRADESH,JABALPUR
DR. AHUJA KASHISH,ANAESTHESIOLOGIST,"MBBS, MD",MADHYA PRADESH,INDORE
DR. AHUJA KRISHNA CHANDRA,ENT SURGEON,"MBBS, MS",MADHYA PRADESH,GWALIOR
DR. AHUJA MAHESH,ALLOPATHIC FAMILY PHYSICIAN,MBBS,UTTAR PRADESH,AGRA
DR. AHUJA RAJNI,DENTAL SURGEON,BDS,MADHYA PRADESH,JABALPUR
DR. AHUJA REETA,AYUSH DOCTOR,DHMS,MADHYA PRADESH,SATNA
DR. AHUJA S.K.,ALLOPATHIC FAMILY PHYSICIAN,MBBS,MADHYA PRADESH,NEEMUCH
DR. AHUJA S.P.,ALLOPATHIC FAMILY PHYSICIAN,MBBS,MADHYA PRADESH,UJJAIN
DR. AHUJA SAKSHI,DENTAL SURGEON,BDS,MADHYA PRADESH,JABALPUR
DR. AHUJA SANDHYA,PAEDIATRICIAN,"MBBS, DCH",MADHYA PRADESH,GWALIOR
DR. AHUJA SUMIT KUMAR,PSYCHIATRIST,"MBBS, MD",MADHYA PRADESH,REWA
DR. AHUJA SUNIL,ALLOPATHIC FAMILY PHYSICIAN,MBBS,MADHYA PRADESH,INDORE
DR. AHUJA VIJAY,ALLOPATHIC FAMILY PHYSICIAN,MBBS,UTTAR PRADESH,AGRA
DR. AHUJA VIJAY,OPHTHALMOLOGIST,"MBBS, MS (OPHTHALMOLOGY)",MADHYA PRADESH,GWALIOR
DR. AIJAZ IRAM,GYNAECOLOGIST,"MBBS, DGO",MADHYA PRADESH,BHOPAL
DR. AIRAN BHAWNA,GYNAECOLOGIST,"MBBS, DGO",MADHYA PRADESH,NEEMUCH
DR. AIRAN RAJENDRA K.,UROLOGIST,"MBBS, MS, DNB",MADHYA PRADESH,NEEMUCH
DR. AIREN AJAY,PATHOLOGIST-MICROBIOLOGIST,"MBBS, MD (PATHOLOGY)",MADHYA PRADESH,INDORE
DR. AIREN CHETAN,PHYSICIAN (MD MEDICINE),"MBBS, MD (MEDICINE)",MADHYA PRADESH,INDORE
DR. AIREN GARIMA,ALLOPATHIC FAMILY PHYSICIAN,MBBS,MADHYA PRADESH,INDORE
DR. AIREN SUJEET,ALLOPATHIC FAMILY PHYSICIAN,MBBS,MADHYA PRADESH,INDORE
DR. AIYER REVATHI,PHYSICIAN (MD MEDICINE),"MBBS, MD, DNB (MEDICINE)",GUJARAT,VADODARA
DR. AJAGALLAY KUMAR RAJESH,PSYCHIATRIST,"MBBS, MD (PSYCHIATRY)",CHHATTISGARH,RAIPUR
DR. AJANE PRIYA,AYUSH DOCTOR,"BHMS, CGO",MADHYA PRADESH,JABALPUR
DR. AJAY SHANKAR,PHYSICIAN (MD MEDICINE),"MBBS, MD (MEDICINE)",MADHYA PRADESH,GWALIOR
DR. AJEET,AYUSH DOCTOR,BAMS,MADHYA PRADESH,NARSINGHPUR
DR. AJGAR YOGESH,ALLOPATHIC FAMILY PHYSICIAN,MBBS,MADHYA PRADESH,ALIRAJPUR
DR. AJIT V. BHIDE,PSYCHIATRIST,"MBBS, MD (PSYCHIATRY)",KARNATAKA,BANGALORE URBAN
DR. AJMANI,ALLOPATHIC FAMILY PHYSICIAN,MBBS,MADHYA PRADESH,RATLAM
DR. AJMANI JASPAL,AYUSH DOCTOR,BAMS,MADHYA PRADESH,SAGAR
DR. AJMANI SONU,NON CLINICAL MD-MS,"MBBS, MD (PHYSIOLOGY)",MADHYA PRADESH,JABALPUR
DR. AJMERA ALOK,PATHOLOGIST-MICROBIOLOGIST,"MBBS, DCP",MADHYA PRADESH,INDORE
DR. AJMERA ANAND,ORTHOPAEDIC SURGEON,"MBBS, MS (ORTHOPADICS)",MADHYA PRADESH,INDORE
DR. AJMERA ATUL,PHYSICIAN (MD MEDICINE),"MBBS, MD (MEDICINE)",MADHYA PRADESH,INDORE
DR. AJMERA CHANDRAVADAN V.,ALLOPATHIC FAMILY PHYSICIAN,"MBBS, FCGP, MCCP",GUJARAT,RAJKOT
DR. AJMERA DEVENDRA,PHYSICIAN (MD MEDICINE),"MBBS, MD (MEDICINE)",RAJASTHAN,KOTA
DR. AJMERA M.C.,PHYSICIAN (MD MEDICINE),"MBBS, MD (MEDICINE)",MADHYA PRADESH,INDORE
DR. AJMERA NITIN,PATHOLOGIST-MICROBIOLOGIST,"MBBS, DCP",MADHYA PRADESH,INDORE
DR. AJMERA PRIYESH,DENTAL SURGEON,BDS,MADHYA PRADESH,INDORE
DR. AJMERA RAMESH,AYUSH DOCTOR,BAMS,MADHYA PRADESH,INDORE
DR. AJMERE PRAMOD G.,AYUSH DOCTOR,"BAMS, CGO",MADHYA PRADESH,CHHINDWARA
DR. AJWANI J.S.,ALLOPATHIC FAMILY PHYSICIAN,MBBS,MADHYA PRADESH,SAGAR
DR. AJWANI M.K.,OPHTHALMOLOGIST,"MBBS, MS",MADHYA PRADESH,BHOPAL
DR. AJWANI MONIKA,DENTAL SURGEON,"BDS, MDS (ORTHODONTICS)",GUJARAT,VADODARA
DR. AJWANI VICKY R.,UROLOGIST,"MBBS, MS, DNB (UROLOGY)",GUJARAT,VADODARA
DR. AKBARI CHIRAG V.,PAEDIATRICIAN,"MBBS, MD(PED)",GUJARAT,RAJKOT
